Name,Level,Health,Damage,Resist,Accuracy,Power Pip,Critical,Critical Block,Pierce,Stun Resist,Incoming,Outgoing,Pip Conserve,Shadow Pip,Archmastery,Flat Damage,Flat Resist,Unlocked Tear,Unlocked Circle,Unlocked Square,Unlocked Triangle,Locked Tear,Locked Circle,Locked Square,Locked Triangle,Source,Owned,Gear Set
Vial of the Hall of Echoes,60,115,2,0,0,0,0,0,0,0,0,0,0,0,0,0,0,0,0,0,0,0,0,2,0,Wooden Key,False,None
Ancient Hieroglyph Relic,60,95,2,0,0,0,0,0,0,0,0,0,0,0,0,0,0,1,0,0,0,0,0,1,0,Drop,False,None
Epic Archival Ampul (Level 170+),170,544,0,11,0,0,0,67,0,0,0,0,196,0,0,0,0,0,0,0,0,0,0,1,1,"Housing Gauntlet, Crowns",False,None
Mythic Night Mire Amulet (Level 160+),160,536,0,10,0,0,0,56,0,0,0,0,180,0,0,0,0,0,0,0,0,0,0,2,0,"Housing Gauntlet, Crowns",False,None
Unreal Ampul of Infamy,170,476,0,10,0,0,0,59,244,0,0,0,0,0,0,0,0,0,0,0,0,1,0,0,1,Raid,False,None
Hunhau's Heavenly Amulet (Level 170+),170,476,0,10,0,0,0,59,0,0,0,0,220,0,0,0,0,0,0,0,0,0,1,0,1,Raid,False,None
Trendy Fairy Kei Charm (Level 170+),170,476,0,10,0,0,0,59,0,0,0,0,196,0,0,0,0,0,0,0,0,0,1,0,1,Crowns,False,None
Xibalba Heavenly Amulet (Level 170+),170,476,0,10,0,0,0,59,0,0,0,0,196,0,0,0,0,0,0,0,0,0,1,0,1,Raid,False,None
Fabled Dream Stalker Amulet,170,680,0,9,0,0,0,67,0,0,0,0,220,0,0,0,0,0,0,0,0,0,0,1,1,Crafting,False,None
Epic Archival Ampul (Level 150+),150,492,0,9,0,0,0,54,0,0,0,0,168,0,0,0,0,0,0,0,0,0,0,1,1,Crowns,False,None
Gruesome Cerberus Master Ampul (Level 150+),150,492,0,9,0,0,0,54,0,0,0,0,167,0,0,0,0,0,0,0,0,0,0,2,0,Crowns,False,None
Mythic Night Mire Amulet (Level 150+),150,492,0,9,0,0,0,54,0,0,0,0,167,0,0,0,0,0,0,0,0,0,0,2,0,Crowns,False,None
Floramancer Amulet of Ages (Level 160+),140,469,0,9,0,0,0,49,0,0,0,0,225,0,0,0,0,0,0,0,0,1,0,1,0,Crowns,False,None
The Void's Mysterious Totem,160,469,0,9,0,0,0,49,0,0,0,0,225,0,0,0,0,0,0,0,0,1,0,1,0,Raid,False,None
The Void's Mystic Totem,160,469,0,9,0,0,0,49,0,0,0,0,225,0,0,0,0,0,0,0,0,1,0,1,0,Raid,False,None
The Void's Mythic Totem (Level 160+),160,469,0,9,0,0,0,49,0,0,0,0,225,0,0,0,0,0,0,0,0,1,0,1,0,Raid,False,None
Hunhau's Heavenly Amulet (Level 160+),160,469,0,9,0,0,0,49,0,0,0,0,203,0,0,0,0,0,0,0,0,1,0,1,0,Raid,False,None
Xibalba Heavenly Amulet (Level 160+),160,469,0,9,0,0,0,49,0,0,0,0,180,0,0,0,0,0,0,0,0,1,0,1,0,Raid,False,None
Epic Archival Ampul (Level 140+),140,448,0,9,0,0,0,47,0,0,0,0,156,0,0,0,0,0,0,0,0,0,0,1,1,Crowns,False,None
Mythic Night Mire Amulet (Level 140+),140,448,0,9,0,0,0,47,0,0,0,0,155,0,0,0,0,0,0,0,0,0,0,2,0,Crowns,False,None
The Void's Mythic Totem (Level 150+),150,431,0,9,0,0,0,47,0,0,0,0,208,0,0,0,0,0,0,0,0,1,0,1,0,Drop,False,None
Floramancer Amulet of Ages (Level 140+),140,392,0,9,0,0,0,41,0,0,0,0,193,0,0,0,0,0,0,0,0,1,0,1,0,Crowns,False,None
Eternal Dreamlike Charm,160,669,0,8,0,0,0,56,0,0,0,0,203,0,0,0,0,0,0,0,0,0,0,2,0,Crafting,False,None
Eternal Dreamscape Charm,160,669,0,8,0,0,0,56,0,0,0,0,203,0,0,0,0,0,0,0,0,0,0,2,0,Crafting,False,None
Eternal Surreal Charm,160,669,0,8,0,0,0,56,0,0,0,0,203,0,0,0,0,0,0,0,0,0,0,2,0,Crafting,False,None
Great Inventor's Myth Ampul (Level 160+),160,669,0,8,0,0,0,56,0,0,0,0,203,0,0,0,0,0,0,0,0,0,0,2,0,Crowns,False,None
Great Inventor's Myth Ampul (Level 150+),150,615,0,8,0,0,0,54,0,0,0,0,188,0,0,0,0,0,0,0,0,0,0,2,0,Crowns,False,None
Great Inventor's Myth Ampul (Level 140+),140,559,0,8,0,0,0,47,0,0,0,0,174,0,0,0,0,0,0,0,0,0,0,2,0,Crowns,False,None
Burrower's Conjuration Amulet (Level 160+),160,536,0,8,0,0,0,70,0,0,0,0,180,0,0,0,0,0,0,0,0,0,0,2,0,"Gold Key, Crowns",False,None
Burrower's Conjuration Amulet (Level 150+),150,492,0,8,0,0,0,67,0,0,0,0,167,0,0,0,0,0,0,0,0,0,0,2,0,Crowns,False,None
Fabled Dream Reaver Amulet,170,476,0,8,0,0,0,75,0,0,0,0,196,0,0,0,0,0,0,0,0,0,1,0,1,"Drop, Crafting, Crowns",False,None
Mythic Night Mire Amulet (Level 130+),130,403,0,8,0,0,0,33,0,0,0,0,130,0,0,0,0,0,0,0,0,0,0,2,0,Crowns,False,None
Epic Archival Ampul (Level 120+),120,358,0,8,0,0,0,24,0,0,0,0,124,0,0,0,0,0,0,0,0,0,0,1,1,Crowns,False,None
Floramancer Amulet of Ages (Level 130+),130,353,0,8,0,0,0,29,0,0,0,0,162,0,0,0,0,0,0,0,0,1,0,1,0,Crowns,False,None
Trendy Fairy Kei Charm (Level 130+),130,353,0,8,0,0,0,29,0,0,0,0,130,0,0,0,0,0,0,0,0,0,1,0,1,Crowns,False,None
Epic Archival Ampul (Level 110+),110,313,0,8,0,0,0,22,0,0,0,0,114,0,0,0,0,0,0,0,0,0,0,1,1,Crowns,False,None
Mythic Night Mire Amulet (Level 110+),110,313,0,8,0,0,0,22,0,0,0,0,114,0,0,0,0,0,0,0,0,0,0,2,0,Crowns,False,None
Floramancer Amulet of Ages (Level 110+),110,274,0,8,0,0,0,19,0,0,0,0,142,0,0,0,0,0,0,0,0,1,0,1,0,Crowns,False,None
Epic Archival Ampul (Level 100+),100,268,0,8,0,0,0,21,0,0,0,0,0,0,0,0,0,0,0,0,0,0,0,1,1,"Housing Gauntlet, Crowns",False,None
Mythic Night Mire Amulet (Level 100+),100,268,0,8,0,0,0,21,0,0,0,0,0,0,0,0,0,0,0,0,0,0,0,2,0,"Housing Gauntlet, Crowns",False,None
Mythic Night Mire Amulet (Level 90+),90,268,0,8,0,0,0,21,0,0,0,0,0,0,0,0,0,0,0,0,0,0,0,2,0,Crowns,False,None
Trendy Fairy Kei Charm (Level 100+),100,235,0,8,0,0,0,19,0,0,0,0,0,0,0,0,0,0,0,0,0,0,1,0,1,Crowns,False,None
Umbra Queen's Furious Totem (Level 170+),170,544,0,7,0,0,0,50,0,0,0,0,244,0,0,0,0,0,0,0,0,1,0,0,1,Rematch,False,None
Wastelander's Furious Totem (Level 170+),170,544,0,7,0,0,0,50,0,0,0,0,244,0,0,0,0,0,0,0,0,1,0,0,1,Crowns,False,None
Measured Chivalric Charm (Level 170+),170,544,0,7,0,0,0,50,0,0,0,0,220,0,0,0,0,0,0,0,0,0,1,0,1,"Gold Key, Crowns",False,None
Mystic Chrysanthemum Ampul (Level 170+),170,544,0,7,0,0,0,50,0,0,0,0,220,0,0,0,0,0,0,0,0,0,1,0,1,"Gold Key, Crowns",False,None
Summer Palace Charm (Level 170+),170,544,0,7,0,0,0,50,0,0,0,0,220,0,0,0,0,0,0,0,0,0,1,0,1,"Gold Key, Crowns",False,None
Great Inventor's Myth Ampul (Level 130+),130,503,0,7,0,0,0,33,0,0,0,0,146,0,0,0,0,0,0,0,0,0,0,2,0,Crowns,False,None
Dreamscape Aeon Charm,160,469,0,7,0,0,0,63,0,0,0,0,180,0,0,0,0,0,0,0,0,1,0,1,0,"Drop, Crafting",False,None
Great Inventor's Myth Ampul (Level 120+),120,447,0,7,0,0,0,24,0,0,0,0,140,0,0,0,0,0,0,0,0,0,0,2,0,Crowns,False,None
Demiurge's Ego Talisman,150,431,0,7,0,0,0,61,0,0,0,0,167,0,0,0,0,0,0,0,0,1,0,1,0,Crafting,False,None
Merciless Myth Talisman,150,431,0,7,0,0,0,61,0,0,0,0,167,0,0,0,0,0,0,0,0,1,0,1,0,"Drop, Crowns",False,None
Gruesome Cerberus Master Ampul (Level 140+),140,420,0,7,0,0,0,46,0,0,0,0,154,0,0,0,0,0,0,0,0,0,0,2,0,Crowns,False,None
Daemonic Ampul of Infamy,170,408,0,7,0,0,0,67,0,0,0,0,220,0,0,0,0,0,0,0,0,0,1,0,1,Raid,False,None
Burrower's Conjuration Amulet (Level 120+),120,358,0,7,0,0,0,29,0,0,0,0,124,0,0,0,0,0,0,0,0,0,0,2,0,Crowns,False,None
Great Inventor's Myth Ampul (Level 100+),100,335,0,7,0,0,0,21,0,0,0,0,0,0,0,0,0,0,0,0,0,0,0,2,0,Crowns,False,None
Burrower's Conjuration Amulet (Level 110+),110,313,0,7,0,0,0,27,0,0,0,0,114,0,0,0,0,0,0,0,0,0,0,2,0,Crowns,False,None
Burrower's Conjuration Amulet (Level 100+),100,268,0,7,0,0,0,26,0,0,0,0,0,0,0,0,0,0,0,0,0,0,0,2,0,"Gold Key, Crowns",False,None
Fabled Dream Warper Amulet,170,0,0,7,0,0,0,67,0,0,0,0,171,0,0,0,0,0,0,0,0,0,1,0,1,Drop,False,None
Legendary Enforcer's Amulet,165,0,0,7,0,0,0,62,0,0,0,0,164,0,0,0,0,0,0,0,0,0,1,0,1,Drop,False,None
Malevolent Myth Talisman,150,589,0,6,0,0,0,69,0,0,0,0,0,0,0,0,0,0,0,1,0,0,0,1,0,Drop,False,None
Uber Artisan Rope,140,552,0,6,0,0,0,68,0,0,0,0,0,0,0,0,0,0,0,1,0,1,0,1,0,Drop,False,None
Delightful Artisan Rope,140,552,0,6,0,0,0,68,0,0,0,0,0,0,0,0,0,0,0,1,0,1,0,0,0,Crafting,False,None
Wastelander's Furious Totem (Level 160+),160,536,0,6,0,0,0,42,0,0,0,0,225,0,0,0,0,0,0,0,0,1,0,0,1,Crowns,False,None
Fabled Skyfarer's Amulet (Level 160+),160,536,0,6,0,0,0,42,0,0,0,0,225,0,0,0,0,0,0,0,0,1,0,1,0,Crowns,False,None
Malistaire's Infamous Charm (Level 160+),160,536,0,6,0,0,0,42,0,0,0,0,225,0,0,0,0,0,0,0,0,1,0,1,0,Rematch,False,None
Wunderbar Artisan Rope,140,535,0,6,0,0,0,64,0,0,0,0,0,0,0,0,0,0,0,1,0,0,0,1,0,Drop,False,None
Wastelander's Furious Totem (Level 150+),150,492,0,6,0,0,0,41,0,0,0,0,209,0,0,0,0,0,0,0,0,1,0,0,1,Crowns,False,None
Wastelander's Furious Totem (Level 140+),140,448,0,6,0,0,0,35,0,0,0,0,194,0,0,0,0,0,0,0,0,1,0,0,1,Crowns,False,None
Mystic Chrysanthemum Ampul (Level 140+),140,448,0,6,0,0,0,35,0,0,0,0,175,0,0,0,0,0,0,0,0,0,1,0,1,Crowns,False,None
Nullity's Mysterious Totem,160,402,0,6,0,0,0,56,0,0,0,0,203,0,0,0,0,0,0,0,0,1,0,1,0,Raid,False,None
Nullity's Mystic Totem,160,402,0,6,0,0,0,56,0,0,0,0,203,0,0,0,0,0,0,0,0,1,0,1,0,Raid,False,None
Nullity's Mythic Totem (Level 160+),160,402,0,6,0,0,0,56,0,0,0,0,203,0,0,0,0,0,0,0,0,1,0,1,0,Raid,False,None
Nullity's Mythic Totem (Level 150+),150,369,0,6,0,0,0,54,0,0,0,0,188,0,0,0,0,0,0,0,0,1,0,1,0,Drop,False,None
Yolok's Ampul of Observation,110,284,0,6,0,0,0,80,0,0,0,0,0,0,0,0,0,1,0,0,0,0,0,2,0,Drop,False,None
Relic of the Shadow Palace,100,235,0,6,0,0,0,24,0,0,0,0,0,0,0,0,0,0,0,0,0,1,0,1,0,"Drop, Crafting",False,None
Iconic City Dweller Amulet,160,0,0,6,0,0,0,56,0,0,0,0,158,0,0,0,0,0,0,0,0,0,1,0,1,Drop,False,None
Dreamscape Masterpiece Charm,160,0,0,6,0,0,0,56,0,0,0,0,158,0,0,0,0,0,0,0,0,1,0,1,0,Drop,False,None
Legendary Protector's Amulet,165,0,0,6,0,0,0,54,0,0,0,0,141,0,0,0,0,0,0,0,0,0,0,0,1,"Drop, Bazaar",False,None
Uber Candymancer Rope,140,568,0,5,0,0,0,77,0,0,0,0,0,0,0,0,0,0,0,1,0,1,0,1,0,Drop,False,None
Magician's Myth Talisman,150,557,0,5,0,0,0,65,0,0,0,0,0,0,0,0,0,0,0,1,0,0,0,1,0,Drop,False,None
Wunderbar Candymancer Rope,140,551,0,5,0,0,0,73,0,0,0,0,0,0,0,0,0,0,0,1,0,0,0,1,0,Drop,False,None
Dragoon's Mythic Charm,130,526,0,5,0,0,0,84,0,0,0,0,0,0,0,0,0,1,0,0,0,0,0,1,0,"Crafting, Stone Key",False,Dragoon's Mythic Set
Guten Artisan Rope,140,524,0,5,0,0,0,61,0,0,0,0,0,0,0,0,0,0,0,1,0,0,0,1,0,Drop,False,None
Mystic Chrysanthemum Ampul (Level 130+),130,403,0,5,0,0,0,25,0,0,0,0,146,0,0,0,0,0,0,0,0,0,1,0,1,Crowns,False,None
Wastelander's Furious Totem (Level 120+),120,358,0,5,0,0,0,18,0,0,0,0,155,0,0,0,0,0,0,0,0,1,0,0,1,Crowns,False,None
Wastelander's Furious Totem (Level 110+),110,313,0,5,0,0,0,17,0,0,0,0,143,0,0,0,0,0,0,0,0,1,0,0,1,Crowns,False,None
Mystic Chrysanthemum Ampul (Level 110+),110,313,0,5,0,0,0,17,0,0,0,0,128,0,0,0,0,0,0,0,0,0,1,0,1,Crowns,False,None
Arcanum Exile Idea Bauble,110,268,0,5,0,0,0,78,0,0,0,0,0,0,0,0,0,1,0,0,0,0,0,1,0,Drop,False,None
Umbra Queen's Furious Totem (Level 100+),100,268,0,5,0,0,0,16,0,0,0,0,0,0,0,0,0,0,0,0,0,1,0,0,1,Rematch,False,None
Wastelander's Furious Totem (Level 100+),100,268,0,5,0,0,0,16,0,0,0,0,0,0,0,0,0,0,0,0,0,1,0,0,1,Crowns,False,None
Fabled Skyfarer's Amulet (Level 100+),100,268,0,5,0,0,0,16,0,0,0,0,0,0,0,0,0,0,0,0,0,1,0,1,0,Crowns,False,None
Malistaire's Infamous Charm (Level 100+),100,268,0,5,0,0,0,16,0,0,0,0,0,0,0,0,0,0,0,0,0,1,0,1,0,Rematch,False,None
Auroracle's Torc of Intent,110,252,0,5,0,0,0,0,0,0,0,0,0,0,0,0,0,0,0,0,0,0,0,0,0,Drop,False,None
Epic Archival Ampul (Level 90+),90,229,0,5,0,0,0,120,0,0,0,0,0,0,0,0,0,0,0,0,0,0,0,1,1,Crowns,False,None
Gruesome Cerberus Master Ampul (Level 90+),90,229,0,5,0,0,0,20,0,0,0,0,0,0,0,0,0,0,0,0,0,0,0,2,0,Crowns,False,None
Glistening Myth Amulet,155,0,0,5,0,0,0,55,0,0,0,0,152,0,0,0,0,0,0,0,0,1,0,1,0,Drop,False,None
Messenger Officer Medallion,150,0,0,5,0,0,0,54,0,0,0,0,146,0,0,0,0,0,0,0,0,1,0,1,0,Drop,False,None
Iconic Townie Amulet,160,0,0,5,0,0,0,49,0,0,0,0,135,0,0,0,0,0,0,0,0,0,0,0,1,Drop,False,None
Amulet of the Shadow Palace,100,0,0,5,0,0,0,21,0,0,0,0,0,0,0,0,0,0,0,0,0,1,0,1,0,Unavailable,False,None
Supreme Founder's Talisman,148,594,0,4,0,0,0,0,0,0,0,0,0,0,0,0,0,1,0,0,0,0,0,1,0,"Drop, Bazaar",False,None
Guten Candymancer Rope,140,540,0,4,0,0,0,69,0,0,0,0,0,0,0,0,0,0,0,1,0,0,0,1,0,Drop,False,None
Hierarch's Founder's Talisman,145,531,0,4,0,0,0,0,0,0,0,0,0,0,0,0,0,1,0,0,0,0,0,1,0,"Drop, Bazaar",False,None
Vanguard's Mythic Charm,130,514,0,4,0,0,0,81,0,0,0,0,0,0,0,0,0,1,0,0,0,0,0,1,0,"Drop, Crafting, Stone Key",False,None
Lemurian Founder's Talisman,142,500,0,4,0,0,0,0,0,0,0,0,0,0,0,0,0,0,0,1,0,0,0,0,0,"Drop, Bazaar",False,None
Nostalgic Cabal Amulet,125,417,0,4,0,0,0,0,0,0,0,0,162,0,0,0,0,1,0,0,0,0,0,1,0,"Drop, Bazaar",False,None
Director Hazmat Rope,138,379,0,4,0,0,0,0,0,0,0,0,0,0,0,0,0,1,0,0,0,0,0,1,0,"Drop, Bazaar",False,None
Lead's Hazmat Rope,135,339,0,4,0,0,0,0,0,0,0,0,0,0,0,0,0,1,0,0,0,0,0,1,0,"Drop, Bazaar",False,None
Specialist Hazmat Rope,132,319,0,4,0,0,0,0,0,0,0,0,0,0,0,0,0,0,0,1,0,0,0,0,0,"Drop, Bazaar",False,None
Warlord Minak's Medallion,110,296,0,4,0,0,0,67,0,0,0,0,0,0,0,0,0,1,0,0,0,0,0,2,0,Drop,False,None
Amulet of the Arcanum Exile,110,280,0,4,0,0,0,65,0,0,0,0,0,0,0,0,0,1,0,0,0,0,0,1,0,Drop,False,None
Jeweled Slopes Ornament,110,263,0,4,0,0,0,0,0,0,0,0,0,0,0,0,0,0,0,0,0,0,0,1,0,Drop,False,None
Baba Yaga's Charm of Dreams,105,252,0,4,0,0,0,57,0,0,0,0,0,0,0,0,0,0,0,1,0,1,0,1,0,Drop,False,None
Great Inventor's Myth Ampul (Level 80+),80,237,0,4,0,0,0,16,0,0,0,0,0,0,0,0,0,0,0,0,0,1,0,1,0,Crowns,False,None
Burrower's Conjuration Amulet (Level 90+),90,229,0,4,0,0,0,24,0,0,0,0,0,0,0,0,0,0,0,0,0,0,0,2,0,Crowns,False,None
Universal Memento,100,215,0,4,0,0,35,0,4,0,0,0,0,0,0,0,0,0,0,0,0,0,0,2,0,Drop,False,None
Gruesome Cerberus Master Ampul (Level 80+),80,190,0,4,0,0,0,16,0,0,0,0,0,0,0,0,0,0,0,0,0,0,0,2,0,Crowns,False,None
Mythic Night Mire Amulet (Level 80+),80,190,0,4,0,0,0,16,0,0,0,0,0,0,0,0,0,0,0,0,0,0,0,2,0,Crowns,False,None
Golden Myth Amulet,155,0,0,4,0,0,0,48,0,0,0,0,130,0,0,0,0,0,0,0,0,0,0,1,0,"Drop, Bazaar",False,None
Regulation Messenger Medallion,150,0,0,4,0,0,0,47,0,0,0,0,125,0,0,0,0,0,0,0,0,0,0,1,0,"Drop, Bazaar",False,None
Dragonspyre Dragoon's Charm,130,541,0,3,0,0,0,87,0,0,0,0,0,0,0,0,0,1,0,0,0,0,0,1,0,Crafting,False,Dragonspyre Dragoon's Set
Cabalist Schism Amulet,125,434,0,3,0,0,0,0,0,0,0,0,81,0,0,0,0,1,0,0,0,0,0,1,0,"Drop, Bazaar",False,None
Amulet of the Veiled Vale,105,263,0,3,0,0,0,55,0,0,0,0,0,0,0,0,0,0,0,1,0,1,0,1,0,Drop,False,None
Relic of the Shadow Palace (Level 99+),99,210,0,3,0,0,30,40,2,0,0,0,0,0,0,0,0,0,0,0,0,1,0,1,0,Unavailable,False,None
Amulet of Divine Influence,90,200,0,3,0,0,30,45,3,0,0,0,0,0,0,0,0,0,0,0,0,0,0,2,0,Drop,False,None
Great Inventor's Myth Ampul (Level 70+),70,191,0,3,0,0,0,14,0,0,0,0,0,0,0,0,0,0,0,0,0,0,0,2,0,Crowns,False,None
Wastelander's Furious Totem (Level 80+),80,190,0,3,0,0,0,12,0,0,0,0,0,0,0,0,0,0,0,0,0,1,0,0,1,Crowns,False,None
Fabled Skyfarer's Amulet (Level 80+),80,190,0,3,0,0,0,12,0,0,0,0,0,0,0,0,0,0,0,0,0,1,0,1,0,Crowns,False,None
Epic Archival Ampul (Level 70+),70,153,0,3,0,0,0,14,0,0,0,0,0,0,0,0,0,0,0,0,0,0,0,1,1,Crowns,False,None
Mythic Night Mire Amulet (Level 70+),70,153,0,3,0,0,0,14,0,0,0,0,0,0,0,0,0,0,0,0,0,0,0,2,0,Crowns,False,None
Gruesome Cerberus Master Ampul (Level 70+),70,111,0,3,0,0,0,14,0,0,0,0,0,0,0,0,0,0,0,0,0,0,0,2,0,Crowns,False,None
Dragonspyre Vanguard's Charm,130,529,0,2,0,0,0,84,0,0,0,0,0,0,0,0,0,1,0,0,0,0,0,1,0,"Drop, Crafting, Stone Key",False,None
Choice Kalamar Amulet,127,434,0,2,0,0,0,0,0,0,0,0,0,0,0,0,0,1,0,0,0,0,0,0,0,"Drop, Bazaar",False,None
Interstellar Officer's Charm,122,383,0,2,0,0,0,0,0,0,0,0,0,0,0,0,0,1,0,0,0,0,0,0,0,"Drop, Bazaar, Stone Key",False,None
Necklace of Eerem Palace,118,295,0,2,0,0,0,0,0,0,0,0,0,0,0,0,0,0,0,1,0,0,0,1,0,"Gold Vendor, Drop, Stone Key",False,None
Amulet of the Sand Sea,116,275,0,2,0,0,0,0,0,0,0,0,0,0,0,0,0,0,0,1,0,0,0,0,0,Gold Vendor,False,None
Kataba Iceblock Talisman,108,243,0,2,0,0,0,0,0,0,0,0,0,0,0,0,0,0,0,1,0,0,0,1,0,"Drop, Bazaar",False,None
Amulet of the Forlorn Tayg,106,227,0,2,0,0,0,0,0,0,0,0,0,0,0,0,0,0,0,1,0,0,0,0,0,"Drop, Bazaar",False,None
Kan Davasi Medallion,100,185,0,2,0,0,22,0,2,0,0,0,0,0,0,0,0,1,0,0,0,0,0,1,0,"Drop, Stone Key",False,None
Wastelander's Furious Totem (Level 70+),70,153,0,2,0,0,0,11,0,0,0,0,0,0,0,0,0,0,0,0,0,1,0,0,1,Crowns,False,None
Great Inventor's Myth Ampul (Level 60+),60,142,0,2,0,0,0,12,0,0,0,0,0,0,0,0,0,0,0,0,0,0,0,2,0,Crowns,False,None
Burrower's Conjuration Amulet (Level 60+),60,114,0,2,0,0,0,14,0,0,0,0,0,0,0,0,0,0,0,0,0,0,0,2,0,Crowns,False,None
Wastelander's Furious Totem (Level 60+),60,114,0,2,0,0,0,9,0,0,0,0,0,0,0,0,0,0,0,0,0,1,0,0,1,Crowns,False,None
Fabled Skyfarer's Amulet (Level 60+),60,114,0,2,0,0,0,9,0,0,0,0,0,0,0,0,0,0,0,0,0,1,0,1,0,Crowns,False,None
Trendy Fairy Kei Charm (Level 60+),60,100,0,2,0,0,0,10,0,0,0,0,0,0,0,0,0,0,0,0,0,0,1,0,1,Crowns,False,None
Dragonspyre Soldier's Charm,130,511,0,1,0,0,0,81,0,0,0,0,0,0,0,0,0,1,0,0,0,0,0,1,0,Drop,False,None
Burnished Rubal Locket,114,255,0,1,0,0,0,0,0,0,0,0,0,0,0,0,0,1,0,0,0,0,0,1,0,Gold Vendor,False,None
Dunes Djinni's Pendant,112,247,0,1,0,0,0,0,0,0,0,0,0,0,0,0,0,1,0,0,0,0,0,0,0,Gold Vendor,False,None
Memento of the Bleaks,104,211,0,1,0,0,0,0,0,0,0,0,0,0,0,0,0,1,0,0,0,0,0,1,0,"Drop, Bazaar",False,None
Polarian Tundra Pendant,102,194,0,1,0,0,0,0,0,0,0,0,0,0,0,0,0,1,0,0,0,0,0,0,0,Gold Vendor,False,None
Supreme Ancient One Talisman,148,594,0,0,0,0,0,74,0,0,0,0,0,0,0,0,0,1,0,0,0,0,0,1,0,"Drop, Bazaar",False,None
Supreme Old Judge Talisman,148,594,0,0,0,0,0,0,0,0,0,0,152,0,0,0,0,1,0,0,0,0,0,1,0,"Drop, Bazaar",False,None
Supreme Undaunting Talisman,148,577,0,0,0,0,0,87,0,0,0,0,0,0,0,0,0,1,0,0,0,0,0,1,0,"Drop, Bazaar",False,None
Supreme Ferocious Talisman,148,577,0,0,0,0,0,0,0,0,0,0,203,0,0,0,0,1,0,0,0,0,0,1,0,"Drop, Bazaar",False,None
Supreme Barbarian Talisman,148,577,0,0,0,0,0,0,0,0,0,0,0,0,0,0,0,1,0,0,0,0,0,1,0,"Drop, Bazaar",False,None
Hierarch's Ancient One Talisman,145,531,0,0,0,0,0,70,0,0,0,0,0,0,0,0,0,1,0,0,0,0,0,1,0,"Drop, Bazaar",False,None
Hierarch's Old Judge Talisman,145,531,0,0,0,0,0,0,0,0,0,0,141,0,0,0,0,1,0,0,0,0,0,1,0,"Drop, Bazaar",False,None
Hierarch's Undaunting Talisman,145,516,0,0,0,0,0,82,0,0,0,0,0,0,0,0,0,1,0,0,0,0,0,1,0,"Drop, Bazaar",False,None
Hierarch's Ferocious Talisman,145,516,0,0,0,0,0,0,0,0,0,0,187,0,0,0,0,1,0,0,0,0,0,1,0,"Drop, Bazaar",False,None
Hierarch's Barbarian Talisman,145,516,0,0,0,0,0,0,0,0,0,0,0,0,0,0,0,1,0,0,0,0,0,1,0,"Drop, Bazaar",False,None
Lemurian Ancient One Talisman,142,500,0,0,0,0,0,66,0,0,0,0,0,0,0,0,0,0,0,1,0,0,0,0,0,"Drop, Bazaar",False,None
Lemurian Old Judge Talisman,142,500,0,0,0,0,0,0,0,0,0,0,131,0,0,0,0,0,0,1,0,0,0,0,0,"Drop, Bazaar",False,None
Horizon of Underworld Charm,82,489,0,0,0,0,0,0,0,0,0,0,0,0,0,0,0,0,0,1,0,1,0,0,0,"Drop, Bazaar",False,None
Lemurian Undaunting Talisman,142,486,0,0,0,0,0,77,0,0,0,0,0,0,0,0,0,0,0,1,0,0,0,0,0,"Drop, Bazaar",False,None
Lemurian Ferocious Talisman,142,486,0,0,0,0,0,0,0,0,0,0,174,0,0,0,0,0,0,1,0,0,0,0,0,"Drop, Bazaar",False,None
Lemurian Barbarian Talisman,142,486,0,0,0,0,0,0,0,0,0,0,0,0,0,0,0,0,0,1,0,0,0,0,0,"Drop, Bazaar",False,None
Amulet of the Third Sun,80,465,0,0,0,0,0,0,0,0,0,0,0,0,0,0,0,0,0,0,0,0,0,1,0,"Drop, Bazaar",False,None
Epic Mind Talisman,140,442,0,0,0,0,0,0,0,0,0,0,0,0,0,0,0,0,0,1,0,0,0,0,0,Quest,False,None
Mondo Kalamar Amulet,127,417,0,0,0,0,0,0,0,0,0,0,0,0,0,0,0,1,0,0,0,0,0,0,0,"Drop, Bazaar",False,None
Armiger's Amulet of Aiming,70,410,0,0,0,0,0,0,0,0,0,0,0,0,0,0,0,0,0,0,0,0,0,1,0,"Gold Vendor, Bazaar",False,None
Children of the Sea Medallion,80,407,0,0,0,0,0,0,0,0,0,0,0,0,0,0,0,0,0,0,0,1,0,1,0,"Drop, Bazaar",False,None
Producer's Hazmat Rope,138,379,0,0,0,0,0,65,0,0,0,0,0,0,0,0,0,1,0,0,0,0,0,1,0,"Drop, Bazaar",False,None
Executive Hazmat Rope,138,379,0,0,0,0,0,0,0,0,0,0,141,0,0,0,0,1,0,0,0,0,0,1,0,"Drop, Bazaar",False,None
Laughing Chac's Talisman,80,375,0,0,0,0,0,0,0,0,0,0,0,0,0,0,0,0,0,0,0,0,0,1,0,"Drop, Bazaar",False,None
Mantis Huntress' Pendant,92,370,0,0,0,0,0,0,0,0,0,0,0,0,0,0,0,1,0,1,0,0,0,0,0,"Drop, Bazaar",False,None
Interstellar Hero's Charm,122,367,0,0,0,0,0,0,0,0,0,0,0,0,0,0,0,1,0,0,0,0,0,0,0,"Drop, Bazaar",False,None
Sacred Burrower Pendant,92,365,0,0,0,0,0,0,0,0,0,0,0,0,0,0,0,1,0,1,0,0,0,0,0,"Drop, Bazaar",False,None
Blue Razor Collar,90,365,0,0,0,0,0,0,0,0,0,0,0,0,0,0,0,0,0,0,0,1,0,1,0,"Drop, Bazaar",False,None
North Sun Ancestral Shell,80,363,0,0,0,0,0,0,0,0,0,0,0,0,0,0,0,1,0,0,0,0,0,0,0,"Gold Vendor, Bazaar",False,None
Producer's Pressure Rope,138,361,0,0,0,0,0,86,0,0,0,0,0,0,0,0,0,1,0,0,0,0,0,1,0,"Drop, Bazaar",False,None
Executive Pressure Rope,138,361,0,0,0,0,0,0,0,0,0,0,188,0,0,0,0,1,0,0,0,0,0,1,0,"Drop, Bazaar",False,None
Director Pressure Rope,138,361,0,0,0,0,0,0,0,0,0,0,0,0,0,0,0,1,0,0,0,0,0,1,0,"Drop, Bazaar",False,None
Cold Iron Torc,70,360,0,0,0,0,0,0,0,0,0,0,0,0,0,0,0,0,0,1,0,0,0,0,0,"Gold Vendor, Bazaar",False,None
Dependable Squire's Torc,72,355,0,0,0,0,0,0,0,0,0,0,0,0,0,0,0,1,0,0,0,0,0,0,0,"Drop, Bazaar",False,None
Sun's Death Smiling Pendant,80,355,0,0,0,0,0,0,0,0,0,0,0,0,0,0,0,0,0,0,0,1,0,0,0,"Drop, Bazaar",False,None
Armiger's Bravura Necklace,72,345,0,0,0,0,0,0,0,0,0,0,0,0,0,0,0,0,0,0,0,0,0,2,0,"Drop, Bazaar",False,None
Unknowable Torc,72,345,0,0,0,0,0,0,0,0,0,0,0,0,0,0,0,0,0,0,0,0,0,2,0,"Drop, Bazaar",False,None
Supervisor Hazmat Rope,135,339,0,0,0,0,0,60,0,0,0,0,0,0,0,0,0,1,0,0,0,0,0,1,0,"Drop, Bazaar",False,None
Chief's Hazmat Rope,135,339,0,0,0,0,0,0,0,0,0,0,131,0,0,0,0,1,0,0,0,0,0,1,0,"Drop, Bazaar",False,None
Cut Gold Memento,80,333,0,0,0,0,0,0,0,0,0,0,0,0,0,0,0,1,0,0,0,0,0,0,0,"Gold Vendor, Drop, Bazaar",False,None
Torc of the Faithful Squire,72,325,0,0,0,0,0,0,0,0,0,0,0,0,0,0,0,0,0,1,0,0,0,0,0,"Drop, Bazaar",False,None
Supervisor Pressure Rope,135,323,0,0,0,0,0,78,0,0,0,0,0,0,0,0,0,1,0,0,0,0,0,1,0,"Drop, Bazaar",False,None
Chief's Pressure Rope,135,323,0,0,0,0,0,0,0,0,0,0,174,0,0,0,0,1,0,0,0,0,0,1,0,"Drop, Bazaar",False,None
Lead's Pressure Rope,135,323,0,0,0,0,0,0,0,0,0,0,0,0,0,0,0,1,0,0,0,0,0,1,0,"Drop, Bazaar",False,None
Contractor Hazmat Rope,132,319,0,0,0,0,0,54,0,0,0,0,0,0,0,0,0,0,0,1,0,0,0,0,0,"Drop, Bazaar",False,None
Consultant Hazmat Rope,132,319,0,0,0,0,0,0,0,0,0,0,120,0,0,0,0,0,0,1,0,0,0,0,0,"Drop, Bazaar",False,None
Golden Gaze Necklace,80,315,0,0,0,0,0,0,0,0,0,0,0,0,0,0,0,1,0,0,0,0,0,0,0,"Gold Vendor, Drop, Bazaar",False,None
Home Hearth Relic,82,310,0,0,0,0,0,0,0,0,0,0,0,0,0,0,0,0,0,0,0,0,0,2,0,"Drop, Bazaar",False,None
Berserker's Rage Pendant,68,305,0,0,0,0,0,0,0,0,0,0,0,0,0,0,0,1,0,0,0,0,0,1,0,"Drop, Stone Key",False,None
Wise Wood Amulet,72,305,0,0,0,0,0,0,0,0,0,0,0,0,0,0,0,0,0,0,0,0,0,2,0,"Drop, Bazaar",False,None
Contractor Pressure Rope,132,304,0,0,0,0,0,70,0,0,0,0,0,0,0,0,0,0,0,1,0,0,0,0,0,"Drop, Bazaar",False,None
Consultant Pressure Rope,132,304,0,0,0,0,0,0,0,0,0,0,160,0,0,0,0,0,0,1,0,0,0,0,0,"Drop, Bazaar",False,None
Mythic Liaison's Amulet,130,304,0,0,0,0,0,0,0,0,0,0,0,0,0,0,0,0,0,1,0,0,0,0,0,Quest,False,None
Specialist Pressure Rope,132,304,0,0,0,0,0,0,0,0,0,0,0,0,0,0,0,0,0,1,0,0,0,0,0,"Drop, Bazaar",False,None
Pendant of the Wild Wings,82,303,0,0,0,0,0,0,0,0,0,0,0,0,0,0,0,1,0,0,0,0,0,1,0,"Drop, Bazaar",False,None
Stone of the Green Skycarrier,82,301,0,0,0,0,0,0,0,0,0,0,0,0,0,0,0,1,0,0,0,0,0,1,0,"Drop, Bazaar",False,None
Trader's Desert Fire Choker,98,300,0,0,0,0,0,0,0,0,0,0,0,0,0,0,0,0,0,1,0,0,0,1,0,Drop,False,None
Storm Caiman's Sparking Eye,86,300,0,0,0,0,0,0,0,0,0,0,0,0,0,0,0,0,0,1,0,0,0,0,0,Drop,False,None
Relic of the Ruined Forest,98,300,0,0,0,0,0,0,0,0,0,0,0,0,0,0,0,1,0,0,0,0,0,1,0,Drop,False,None
Druid's Amulet of Courage,72,300,0,0,0,0,0,0,0,0,0,0,0,0,0,0,0,1,0,0,0,0,0,0,0,"Drop, Bazaar",False,None
Glacier Hopper's Amulet,98,300,0,0,0,0,0,0,0,0,0,0,0,0,0,0,0,1,0,0,0,0,0,0,0,Drop,False,None
Proven Armiger's Pendant,72,300,0,0,0,0,0,0,0,0,0,0,0,0,0,0,0,1,0,0,0,0,0,0,0,"Drop, Bazaar",False,None
Spider's Shadow Amulet,62,290,0,0,0,0,0,0,0,0,0,0,0,0,0,0,0,1,0,0,0,0,0,1,0,"Drop, Bazaar",False,None
Grim Gold Mask Medallion,80,289,0,0,0,0,0,0,0,0,0,0,0,0,0,0,0,1,0,0,0,0,0,0,0,"Gold Vendor, Drop, Bazaar",False,None
Istanboa Pendant of Might,118,287,0,0,0,0,0,0,0,0,0,0,78,0,0,0,0,0,0,1,0,0,0,1,0,"Gold Vendor, Stone Key",False,None
Amulet of Rainbow's End,60,285,0,0,0,0,0,0,0,0,0,0,0,0,0,0,0,0,0,1,0,0,0,1,0,"Gold Vendor, Bazaar",False,None
Laughing Rainbow Amulet,60,285,0,0,0,0,0,0,0,0,0,0,0,0,0,0,0,1,0,0,0,0,0,1,0,"Gold Vendor, Bazaar",False,None
Black Rainbow Amulet,60,285,0,0,0,0,0,0,0,0,0,0,0,0,0,0,0,1,0,0,0,0,0,0,0,"Gold Vendor, Bazaar",False,None
Mystery of the Druids,72,285,0,0,0,0,0,0,0,0,0,0,0,0,0,0,0,1,0,0,0,0,0,0,0,"Drop, Bazaar",False,None
Torc of Dire Workings,70,285,0,0,0,0,0,0,0,0,0,0,0,0,0,0,0,1,0,0,0,0,0,0,0,"Gold Vendor, Bazaar",False,None
Eerem Necklace of Ciphers,118,281,0,0,0,0,0,0,0,0,0,0,0,0,0,0,0,0,0,1,0,0,0,1,0,"Drop, Bazaar",False,None
Druid's Torc of Wisdom,70,280,0,0,0,0,0,0,0,0,0,0,0,0,0,0,0,0,0,1,0,0,0,0,0,"Gold Vendor, Bazaar, Fishing",False,None
Storm Shard Charm,62,280,0,0,0,0,0,0,0,0,0,0,0,0,0,0,0,0,0,0,0,1,0,1,0,"Drop, Bazaar",False,None
Eerem Courtier's Talisman,118,279,0,0,0,0,0,0,0,0,0,0,78,0,0,0,0,1,0,0,0,0,0,1,0,"Gold Vendor, Stone Key",False,None
Courage Charm of Jade Wings,82,275,0,0,0,0,0,0,0,0,0,0,0,0,0,0,0,1,0,0,0,0,0,1,0,Drop,False,None
Squire's Good Aim Amulet,70,275,0,0,0,0,0,0,0,0,0,0,0,0,0,0,0,1,0,0,0,0,0,0,0,"Gold Vendor, Bazaar",False,None
Istanboa Pendant of Enigmas,118,274,0,0,0,0,0,0,0,0,0,0,155,0,0,0,0,0,0,1,0,0,0,1,0,"Drop, Bazaar",False,None
Keen Bill Amulet,80,272,0,0,0,0,0,0,0,0,0,0,0,0,0,0,0,0,0,1,0,0,0,0,0,"Gold Vendor, Bazaar",False,None
Last Axantho Carved Shell,86,270,0,0,0,0,0,0,0,0,0,0,0,0,0,0,0,1,0,0,0,0,0,0,0,Drop,False,None
Circlet of the Hardy Squire,72,270,0,0,0,0,0,0,0,0,0,0,0,0,0,0,0,0,0,0,0,0,0,2,0,"Drop, Bazaar",False,None
Kobra Mercenary's Choker,116,267,0,0,0,0,0,0,0,0,0,0,76,0,0,0,0,1,0,0,0,0,0,0,0,Gold Vendor,False,None
Eerem Talisman of Discovery,118,266,0,0,0,0,0,0,0,0,0,0,155,0,0,0,0,1,0,0,0,0,0,1,0,"Drop, Bazaar",False,None
Shining Shard Charm,62,265,0,0,0,0,0,0,0,0,0,0,0,0,0,0,0,0,0,0,0,1,0,1,0,"Drop, Bazaar",False,None
Amulet of Lion's Sight,66,265,0,0,0,0,0,0,0,0,0,0,0,0,0,0,0,0,0,0,0,0,0,1,0,Drop,False,None
Tears of the Sky Jade Charm,80,265,0,0,0,0,0,0,0,0,0,0,0,0,0,0,0,0,0,0,0,1,0,0,0,"Drop, Bazaar",False,None
Sand Sea Amulet of Curiosity,116,262,0,0,0,0,0,0,0,0,0,0,0,0,0,0,0,0,0,1,0,0,0,0,0,"Drop, Bazaar",False,None
Benzzi's Campaign Memento,92,260,0,0,0,0,0,0,0,0,0,0,0,0,0,0,0,0,0,0,0,0,0,2,0,"Drop, Bazaar",False,None
Charm of the Fierce Mantis,92,260,0,0,0,0,0,0,0,0,0,0,0,0,0,0,0,0,0,0,0,0,0,2,0,"Drop, Bazaar",False,None
Collar of the Besieged,92,260,0,0,0,0,0,0,0,0,0,0,0,0,0,0,0,0,0,0,0,0,0,2,0,"Drop, Bazaar",False,None
Last Wood Defender's Jewel,95,260,0,0,0,0,0,0,0,0,0,0,0,0,0,0,0,0,0,0,0,0,0,2,0,Drop,False,None
Mantis Prophet's Ornament,92,260,0,0,0,0,0,0,0,0,0,0,0,0,0,0,0,0,0,0,0,0,0,2,0,"Drop, Bazaar",False,None
Moon's Glow Jewel,96,260,0,0,0,0,0,0,0,0,0,0,0,0,0,0,0,0,0,0,0,0,0,2,0,Quest,False,None
Mouse Revenant's Talisman,92,260,0,0,0,0,0,0,0,0,0,0,0,0,0,0,0,0,0,0,0,0,0,2,0,"Drop, Bazaar",False,None
Stinger's Carcanet,92,260,0,0,0,0,0,0,0,0,0,0,0,0,0,0,0,0,0,0,0,0,0,2,0,"Drop, Bazaar",False,None
ToeBiter's Cursed Relic,92,260,0,0,0,0,0,0,0,0,0,0,0,0,0,0,0,0,0,0,0,0,0,2,0,"Drop, Bazaar",False,None
Amulet of the Mouse Scout,90,260,0,0,0,0,0,0,0,0,0,0,0,0,0,0,0,0,0,0,0,1,0,1,0,"Drop, Bazaar",False,None
Collar of the Ice Hound,64,260,0,0,0,0,0,0,0,0,0,0,0,0,0,0,0,0,0,0,0,1,0,1,0,Drop,False,None
Locket of the QuietOne,90,260,0,0,0,0,0,0,0,0,0,0,0,0,0,0,0,0,0,0,0,1,0,1,0,"Drop, Bazaar",False,None
Mirror Shard Charm,62,260,0,0,0,0,0,0,0,0,0,0,0,0,0,0,0,0,0,0,0,1,0,1,0,"Drop, Bazaar",False,None
Olyphant's Power Pendant,64,260,0,0,0,0,0,0,0,0,0,0,0,0,0,0,0,0,0,0,0,1,0,1,0,Drop,False,None
Relic of Thriving Bastion,90,260,0,0,0,0,0,0,0,0,0,0,0,0,0,0,0,0,0,0,0,1,0,1,0,"Drop, Bazaar",False,None
Sand Sea Wanderer's Charm,116,259,0,0,0,0,0,0,0,0,0,0,76,0,0,0,0,0,0,1,0,0,0,0,0,"Gold Vendor, Quest",False,None
Speaking Water Ornament,82,259,0,0,0,0,0,0,0,0,0,0,0,0,0,0,0,1,0,0,0,0,0,1,0,"Drop, Bazaar",False,None
Kobra Choker of Acumen,116,255,0,0,0,0,0,0,0,0,0,0,152,0,0,0,0,1,0,0,0,0,0,0,0,"Drop, Bazaar",False,None
Jazzon's Medallion,90,255,0,0,0,0,0,0,0,0,0,0,0,0,0,0,0,0,0,1,0,0,0,1,0,"Gold Vendor, Bazaar",False,None
Collar of the Royal Guard,92,255,0,0,0,0,0,0,0,0,0,0,0,0,0,0,0,1,0,0,0,0,0,1,0,"Drop, Bazaar",False,None
Star Shard Charm,62,255,0,0,0,0,0,0,0,0,0,0,0,0,0,0,0,1,0,0,0,0,0,1,0,"Drop, Bazaar",False,None
Apidae Village Memento,90,255,0,0,0,0,0,0,0,0,0,0,0,0,0,0,0,1,0,0,0,0,0,0,0,"Gold Vendor, Bazaar",False,None
Bumbler Talisman,90,255,0,0,0,0,0,0,0,0,0,0,0,0,0,0,0,1,0,0,0,0,0,0,0,"Gold Vendor, Bazaar",False,None
Mouse Knight's Charm,90,255,0,0,0,0,0,0,0,0,0,0,0,0,0,0,0,1,0,0,0,0,0,0,0,"Gold Vendor, Bazaar",False,None
Pepper Grass Jewel,90,255,0,0,0,0,0,0,0,0,0,0,0,0,0,0,0,1,0,0,0,0,0,0,0,"Gold Vendor, Bazaar",False,None
SkyScreamer's Charm,90,255,0,0,0,0,0,0,0,0,0,0,0,0,0,0,0,1,0,0,0,0,0,0,0,"Gold Vendor, Bazaar",False,None
Umbra Legion Amulet,90,255,0,0,0,0,0,0,0,0,0,0,0,0,0,0,0,1,0,0,0,0,0,0,0,"Gold Vendor, Bazaar",False,None
Foothold Defender's Charm,95,255,0,0,0,0,0,0,0,0,0,0,0,0,0,0,0,0,0,0,0,1,0,0,0,"Gold Vendor, Bazaar",False,None
Glider's Torc of Soaring,95,255,0,0,0,0,0,0,0,0,0,0,0,0,0,0,0,0,0,0,0,1,0,0,0,"Gold Vendor, Bazaar",False,None
Night Dread's Choker,95,255,0,0,0,0,0,0,0,0,0,0,0,0,0,0,0,0,0,0,0,1,0,0,0,"Gold Vendor, Bazaar",False,None
Pollen Collector's Amulet,95,255,0,0,0,0,0,0,0,0,0,0,0,0,0,0,0,0,0,0,0,1,0,0,0,"Gold Vendor, Bazaar",False,None
Torc of the Royal Guard,95,255,0,0,0,0,0,0,0,0,0,0,0,0,0,0,0,0,0,0,0,1,0,0,0,"Gold Vendor, Bazaar",False,None
Umbra Soldier's Talisman,95,255,0,0,0,0,0,0,0,0,0,0,0,0,0,0,0,0,0,0,0,1,0,0,0,"Gold Vendor, Bazaar",False,None
Fearless Torc of Iron,70,250,0,0,0,0,0,0,0,0,0,0,0,0,0,0,0,1,0,0,0,0,0,0,0,"Gold Vendor, Bazaar",False,None
Memento of the Moon Cliffs,94,250,0,0,0,0,0,0,0,0,0,0,0,0,0,0,0,0,0,0,0,0,0,2,0,Drop,False,None
Trader's Jewel of Prudence,96,250,0,0,0,0,0,0,0,0,0,0,0,0,0,0,0,0,0,0,0,0,0,0,0,Drop,False,None
Sand Sea Charm of Mischief,116,247,0,0,0,0,0,0,0,0,0,0,152,0,0,0,0,0,0,1,0,0,0,0,0,"Drop, Bazaar",False,None
Polished Viper Talisman,114,247,0,0,0,0,0,0,0,0,0,0,74,0,0,0,0,0,0,1,0,1,0,0,0,Gold Vendor,False,None
BurrowBuilder's Medallion,92,245,0,0,0,0,0,0,0,0,0,0,0,0,0,0,0,0,0,0,0,0,0,2,0,"Drop, Bazaar",False,None
Necklace of the Lizard King,84,245,0,0,0,0,0,0,0,0,0,0,0,0,0,0,0,0,0,0,0,0,0,1,0,Crafting,False,None
Battletested Fang Collar,112,243,0,0,0,0,0,0,0,0,0,0,73,0,0,0,0,0,0,1,0,0,0,0,0,Gold Vendor,False,None
Rubal Locket of Formation,114,243,0,0,0,0,0,0,0,0,0,0,0,0,0,0,0,1,0,0,0,0,0,1,0,"Drop, Bazaar",False,None
Collar of the Icezilla,62,240,0,0,0,0,0,0,0,0,0,0,0,0,0,0,0,1,0,0,0,0,0,1,0,"Drop, Bazaar",False,None
Dark Snow Amulet,60,240,0,0,0,0,0,0,0,0,0,0,0,0,0,0,0,1,0,0,0,0,0,0,0,"Gold Vendor, Bazaar",False,None
Stolid Squire's Circlet,72,240,0,0,0,0,0,0,0,0,0,0,0,0,0,0,0,1,0,0,0,0,0,0,0,"Bazaar, Quest",False,None
Ruby and Sapphire Bauble,66,240,0,0,0,0,0,0,0,0,0,0,0,0,0,0,0,0,0,0,0,1,0,0,0,Drop,False,None
Rubal Wastes Necklace,114,239,0,0,0,0,0,0,0,0,0,0,74,0,0,0,0,1,0,0,0,0,0,1,0,Gold Vendor,False,None
Imperial Walrusk Medallion,108,237,0,0,0,0,0,0,0,0,0,0,0,0,0,0,0,0,0,1,0,0,0,1,0,"Drop, Bazaar",False,None
Viper Talisman of Reflection,114,236,0,0,0,0,0,0,0,0,0,0,149,0,0,0,0,0,0,1,0,1,0,0,0,"Drop, Bazaar",False,None
Black Dawn Charm,80,236,0,0,0,0,0,0,0,0,0,0,0,0,0,0,0,1,0,0,0,0,0,0,0,"Gold Vendor, Bazaar",False,None
Djinn Pendant of Invention,112,236,0,0,0,0,0,0,0,0,0,0,0,0,0,0,0,1,0,0,0,0,0,0,0,"Drop, Bazaar",False,None
House Djinni's Amulet,112,235,0,0,0,0,0,0,0,0,0,0,73,0,0,0,0,1,0,0,0,0,0,0,0,Gold Vendor,False,None
Pendant of Armiger's Tenacity,72,235,0,0,0,0,0,0,0,0,0,0,0,0,0,0,0,1,0,0,0,0,0,0,0,"Drop, Bazaar",False,None
Torc of Pluck,72,235,0,0,0,0,0,0,0,0,0,0,0,0,0,0,0,1,0,0,0,0,0,0,0,"Drop, Bazaar, Fishing",False,None
Collar of the Heck Hound,62,235,0,0,0,0,0,0,0,0,0,0,0,0,0,0,0,0,0,0,0,1,0,1,0,"Drop, Bazaar",False,None
Kataba Torc of Parables,108,233,0,0,0,0,0,0,0,0,0,0,0,0,0,0,0,0,0,1,0,0,0,1,0,"Drop, Bazaar",False,None
Fang Collar of Ages,112,232,0,0,0,0,0,0,0,0,0,0,146,0,0,0,0,0,0,1,0,0,0,0,0,"Drop, Bazaar",False,None
Phylactery of the Arcanum,108,231,0,0,0,0,0,0,0,0,0,0,0,0,0,0,0,1,0,0,0,0,0,1,0,"Drop, Bazaar",False,None
Armiger's Meditative Pendant,72,230,0,0,0,0,0,0,0,0,0,0,0,0,0,0,0,0,0,0,0,0,0,2,0,"Drop, Bazaar",False,None
Storied Amber Shield Pendant,62,230,0,0,0,0,0,0,0,0,0,0,0,0,0,0,0,0,0,0,0,0,0,2,0,"Drop, Bazaar",False,None
Sun King's Amulet,84,230,0,0,0,0,0,0,0,0,0,0,0,0,0,0,0,0,0,0,0,0,0,1,0,Crafting,False,None
Rubal Necklace of Illusions,114,228,0,0,0,0,0,0,0,0,0,0,149,0,0,0,0,1,0,0,0,0,0,1,0,"Drop, Bazaar",False,None
Walrusk Phylactery of Wit,108,227,0,0,0,0,0,0,0,0,0,0,0,0,0,0,0,0,0,1,0,0,0,1,0,Bazaar,False,None
Chivalric Pendant,70,225,0,0,0,0,0,0,0,0,0,0,0,0,0,0,0,0,0,1,0,0,0,0,0,"Gold Vendor, Bazaar, Fishing",False,None
Druid's Wyrd Amulet,70,225,0,0,0,0,0,0,0,0,0,0,0,0,0,0,0,0,0,1,0,0,0,0,0,"Gold Vendor, Bazaar",False,None
Torc of Hound's Strength,70,225,0,0,0,0,0,0,0,0,0,0,0,0,0,0,0,0,0,1,0,0,0,0,0,"Gold Vendor, Bazaar",False,None
Amulet of Oak's Strength,70,225,0,0,0,0,0,0,0,0,0,0,0,0,0,0,0,1,0,0,0,0,0,0,0,"Gold Vendor, Bazaar",False,None
Golden Death Head Relic,85,225,0,0,0,0,0,0,0,0,0,0,0,0,0,0,0,0,0,0,0,0,0,2,0,Drop,False,None
Djinn Amulet of Dreams,112,224,0,0,0,0,0,0,0,0,0,0,146,0,0,0,0,1,0,0,0,0,0,0,0,"Drop, Bazaar",False,None
Arcanum Conjurer's Amulet,108,221,0,0,0,0,0,0,0,0,0,0,0,0,0,0,0,1,0,0,0,0,0,1,0,"Drop, Bazaar",False,None
Tundarian Enforcer's Charm,106,220,0,0,0,0,0,0,0,0,0,0,0,0,0,0,0,1,0,0,0,0,0,0,0,Gold Vendor,False,None
Torc of Hidden Wisdom,72,220,0,0,0,0,0,0,0,0,0,0,0,0,0,0,0,0,0,0,0,0,0,2,0,"Drop, Bazaar",False,None
Terrible Sun Amulet,84,220,0,0,0,0,0,0,0,0,0,0,0,0,0,0,0,0,0,0,0,0,0,1,0,Crafting,False,None
Memento of the Sun Caiman,86,218,0,0,0,0,0,0,0,0,0,0,0,0,0,0,0,0,0,1,0,0,0,0,0,Drop,False,None
Memento of the Storm Caiman,86,218,0,0,0,0,0,0,0,0,0,0,0,0,0,0,0,0,0,0,0,0,0,0,0,Drop,False,None
Tayg Collar of Folklore,106,217,0,0,0,0,0,0,0,0,0,0,0,0,0,0,0,0,0,1,0,0,0,0,0,"Drop, Bazaar",False,None
Enchanter's New Horizon Charm,106,214,0,0,0,0,0,0,0,0,0,0,0,0,0,0,0,0,0,1,0,0,0,0,0,"Drop, Bazaar",False,None
Fancy Tundarian Riviere,106,211,0,0,0,0,0,0,0,0,0,0,0,0,0,0,0,1,0,0,0,0,0,0,0,Gold Vendor,False,None
Branches of Trust Amulet,70,210,0,0,0,0,0,0,0,0,0,0,0,0,0,0,0,1,0,0,0,0,0,0,0,"Gold Vendor, Bazaar",False,None
Verdant Beak Bird Bauble,84,210,0,0,0,0,0,0,0,0,0,0,0,0,0,0,0,0,0,0,0,0,0,1,0,Crafting,False,None
Enchanter's Reverie Pendant,106,205,0,0,0,0,0,0,0,0,0,0,0,0,0,0,0,0,0,1,0,0,0,0,0,"Drop, Bazaar",False,None
Black Light Medallion,95,205,0,0,0,0,0,0,0,0,0,0,0,0,0,0,0,0,0,0,0,1,0,0,0,"Gold Vendor, Bazaar",False,None
Polarian Kossack Medallion,104,204,0,0,0,0,0,0,0,0,0,0,0,0,0,0,0,0,0,1,0,1,0,0,0,"Drop, Bazaar",False,None
Kronosaur's Shell of Passion,84,203,0,0,0,0,0,0,0,0,0,0,0,0,0,0,0,1,0,0,0,0,0,1,0,Drop,False,None
Bleaks Pendant of Mischief,104,202,0,0,0,0,0,0,0,0,0,0,0,0,0,0,0,1,0,0,0,0,0,1,0,"Drop, Bazaar",False,None
Barbarian Philosopher's Mark,75,200,0,0,0,0,0,0,0,0,0,0,0,0,0,0,0,0,0,1,0,0,0,1,0,Drop,False,None
Knight of the Wyrd's Pendant,76,200,0,0,0,0,0,0,0,0,0,0,0,0,0,0,0,0,0,1,0,0,0,1,0,Drop,False,None
Seely Wizard's Torc,76,200,0,0,0,0,0,0,0,0,0,0,0,0,0,0,0,0,0,1,0,0,0,1,0,Drop,False,None
Strength of the Oak Pendant,74,200,0,0,0,0,0,0,0,0,0,0,0,0,0,0,0,0,0,1,0,0,0,1,0,Drop,False,None
Fallen Star Charm,50,200,0,0,0,0,0,0,0,0,0,0,0,0,0,0,0,1,0,0,0,0,0,1,0,Unavailable,False,None
Blue Star Amulet,50,200,0,0,0,0,0,0,0,0,0,0,0,0,0,0,0,0,0,0,0,0,0,2,0,"Gold Vendor, Bazaar",False,None
Mantis Amulet of Fortitude,96,200,0,0,0,0,0,0,0,0,0,0,0,0,0,0,0,0,0,0,0,0,0,2,0,Drop,False,None
Order of Misfortune,40,200,0,0,0,0,0,0,0,0,0,0,0,0,0,0,0,0,0,0,0,0,0,2,0,Unavailable,False,None
Red Star Amulet,50,200,0,0,0,0,0,0,0,0,0,0,0,0,0,0,0,0,0,0,0,1,0,1,0,"Gold Vendor, Bazaar",False,None
Sun's Piercing Ray,50,200,0,0,0,0,0,0,0,0,0,0,0,0,0,0,0,0,0,0,0,1,0,1,0,"Gold Vendor, Bazaar",False,None
Jade Skycarrier Pendant,84,200,0,0,0,0,0,0,0,0,0,0,0,0,0,0,0,0,0,0,0,0,0,1,0,Crafting,False,None
Memento of Tragedy,45,200,0,0,0,0,0,0,0,0,0,0,0,0,0,0,0,0,0,0,0,0,0,1,0,Unavailable,False,None
Raven's Shadow Necklace,52,198,0,0,0,0,0,0,0,0,0,0,0,0,0,0,0,1,0,0,0,0,0,1,0,Crafting,False,None
Polarian Evoker's Charm,104,197,0,0,0,0,0,0,0,0,0,0,0,0,0,0,0,1,0,0,0,0,0,1,0,Gold Vendor,False,None
Chosen Chief's Amulet,76,195,0,0,0,0,0,0,0,0,0,0,0,0,0,0,0,0,0,1,0,0,0,1,0,Drop,False,None
Kossack Locket of Counsel,104,195,0,0,0,0,0,0,0,0,0,0,0,0,0,0,0,0,0,1,0,1,0,0,0,"Drop, Bazaar",False,None
Shango's Shield Pendant,62,195,0,0,0,0,0,0,0,0,0,0,0,0,0,0,0,1,0,0,0,0,0,1,0,"Drop, Bazaar",False,None
Pachyderm's Strength Pendant,62,190,0,0,0,0,0,0,0,0,0,0,0,0,0,0,0,1,0,0,0,0,0,1,0,"Drop, Bazaar",False,None
Evoker's Strand of Acuity,104,189,0,0,0,0,0,0,0,0,0,0,0,0,0,0,0,1,0,0,0,0,0,1,0,Gold Vendor,False,None
Battlefield Blessing Charm,52,188,0,0,0,0,0,0,0,0,0,0,0,0,0,0,0,0,0,1,0,1,0,0,0,Crafting,False,None
Memento of the Frigid Maw,102,188,0,0,0,0,0,0,0,0,0,0,0,0,0,0,0,0,0,1,0,0,0,0,0,"Drop, Bazaar",False,None
Moon of Talos Amulet,52,188,0,0,0,0,0,0,0,0,0,0,0,0,0,0,0,1,0,0,0,0,0,1,0,Crafting,False,None
Pearl of the Elementals,52,188,0,0,0,0,0,0,0,0,0,0,0,0,0,0,0,0,0,0,0,0,0,2,0,Crafting,False,None
Raven Spirit Necklace,52,188,0,0,0,0,0,0,0,0,0,0,0,0,0,0,0,0,0,0,0,0,0,2,0,Crafting,False,None
Tundra Talisman of Sagacity,102,186,0,0,0,0,0,0,0,0,0,0,0,0,0,0,0,1,0,0,0,0,0,0,0,Gold Vendor,False,None
Collar of the Firezilla,62,185,0,0,0,0,0,0,0,0,0,0,0,0,0,0,0,1,0,0,0,0,0,1,0,"Drop, Bazaar",False,None
Ampul of the Polarian Mage,102,181,0,0,0,0,0,0,0,0,0,0,0,0,0,0,0,1,0,0,0,0,0,0,0,"Drop, Bazaar",False,None
Urville Talisman of Guile,102,180,0,0,0,0,0,0,0,0,0,0,0,0,0,0,0,0,0,1,0,0,0,0,0,"Drop, Bazaar",False,None
Collar of the Stormzilla,62,180,0,0,0,0,0,0,0,0,0,0,0,0,0,0,0,1,0,0,0,0,0,1,0,"Drop, Bazaar",False,None
Night Flame Choker,90,180,0,0,0,0,0,0,0,0,0,0,0,0,0,0,0,0,0,0,0,1,0,1,0,"Drop, Bazaar",False,None
Pendant of Baobab's Light,62,175,0,0,0,0,0,0,0,0,0,0,0,0,0,0,0,1,0,0,0,0,0,1,0,"Drop, Bazaar",False,None
CurdWright Medallion,92,175,0,0,0,0,0,0,0,0,0,0,0,0,0,0,0,0,0,0,0,0,0,2,0,"Drop, Bazaar",False,None
Death's Head Talisman,92,175,0,0,0,0,0,0,0,0,0,0,0,0,0,0,0,0,0,0,0,0,0,2,0,"Drop, Bazaar",False,None
Necklace of Lost Ancestors,82,175,0,0,0,0,0,0,0,0,0,0,0,0,0,0,0,0,0,0,0,0,0,2,0,"Drop, Bazaar",False,None
Wyrm's Blessing Charm,54,175,0,0,0,0,0,0,0,0,0,0,0,0,0,0,0,0,0,0,0,0,0,1,0,"Drop, Bazaar",False,None
Mage's Torc of Guile,102,173,0,0,0,0,0,0,0,0,0,0,0,0,0,0,0,1,0,0,0,0,0,0,0,"Drop, Bazaar",False,None
Golden Head of the Cold House,82,170,0,0,0,0,0,0,0,0,0,0,0,0,0,0,0,0,0,0,0,0,0,2,0,"Drop, Bazaar",False,None
Collar of the Storm Hound,62,170,0,0,0,0,0,0,0,0,0,0,0,0,0,0,0,0,0,0,0,1,0,1,0,"Drop, Bazaar",False,None
Charm of the Gold Aztecosaur,82,169,0,0,0,0,0,0,0,0,0,0,0,0,0,0,0,0,0,1,0,0,0,1,0,"Drop, Bazaar",False,None
Shango's Lifeblade Amulet,60,165,0,0,0,0,0,0,0,0,0,0,0,0,0,0,0,1,0,0,0,0,0,1,0,"Gold Vendor, Bazaar",False,None
Charm of the Black Pearl,52,160,0,0,0,0,0,0,0,0,0,0,0,0,0,0,0,1,0,0,0,0,0,1,0,"Drop, Bazaar",False,None
Shango's Deathblade Amulet,60,160,0,0,0,0,0,0,0,0,0,0,0,0,0,0,0,1,0,0,0,0,0,1,0,"Gold Vendor, Bazaar",False,None
Shango's Mythblade Amulet,60,160,0,0,0,0,0,0,0,0,0,0,0,0,0,0,0,1,0,0,0,0,0,1,0,"Gold Vendor, Bazaar",False,None
Jewel of the Apiary,92,160,0,0,0,0,0,0,0,0,0,0,0,0,0,0,0,0,0,0,0,0,0,2,0,"Drop, Bazaar",False,None
Token of the Underworld Sun,84,160,0,0,0,0,0,0,0,0,0,0,0,0,0,0,0,0,0,0,0,0,0,1,0,Crafting,False,None
Moon's Radiance Necklace,52,155,0,0,0,0,0,0,0,0,0,0,0,0,0,0,0,1,0,0,0,0,0,1,0,Crafting,False,None
Shango's Iceblade Amulet,60,155,0,0,0,0,0,0,0,0,0,0,0,0,0,0,0,1,0,0,0,0,0,1,0,"Gold Vendor, Bazaar",False,None
Smashing Claw Charm,52,151,0,0,0,0,0,0,0,0,0,0,0,0,0,0,0,1,0,0,0,0,0,0,0,Crafting,False,None
Evergreen Spiral Necklace,50,150,0,0,0,0,0,0,0,0,0,0,0,0,0,0,0,0,0,1,0,0,0,1,0,"Gold Vendor, Bazaar",False,None
Garnet Spiral Necklace,50,150,0,0,0,0,0,0,0,0,0,0,0,0,0,0,0,0,0,1,0,0,0,1,0,"Gold Vendor, Bazaar",False,None
Knight's Torc of Virtue,76,150,0,0,0,0,0,0,0,0,0,0,0,0,0,0,0,0,0,1,0,0,0,1,0,Drop,False,None
Cow's Pearl Amulet,52,150,0,0,0,0,0,0,0,0,0,0,0,0,0,0,0,0,0,1,0,1,0,0,0,"Drop, Bazaar",False,None
Deep-Deep Desert Charm,94,150,0,0,0,0,0,0,0,0,0,0,0,0,0,0,0,0,0,1,0,0,0,0,0,Crafting,False,None
Garden of Vida Memento,94,150,0,0,0,0,0,0,0,0,0,0,0,0,0,0,0,0,0,1,0,0,0,0,0,Crafting,False,None
Hopper's Desert Relic,94,150,0,0,0,0,0,0,0,0,0,0,0,0,0,0,0,0,0,1,0,0,0,0,0,Crafting,False,None
Hopper's Dustdevil Jewel,94,150,0,0,0,0,0,0,0,0,0,0,0,0,0,0,0,0,0,1,0,0,0,0,0,Crafting,False,None
Longshadow's Vial of Gloom,94,150,0,0,0,0,0,0,0,0,0,0,0,0,0,0,0,0,0,1,0,0,0,0,0,Crafting,False,None
Sandstone Village Talisman,94,150,0,0,0,0,0,0,0,0,0,0,0,0,0,0,0,0,0,1,0,0,0,0,0,Crafting,False,None
Trader's Snowdrift Charm,94,150,0,0,0,0,0,0,0,0,0,0,0,0,0,0,0,0,0,1,0,0,0,0,0,Crafting,False,None
Shango's Fireblade Amulet,60,150,0,0,0,0,0,0,0,0,0,0,0,0,0,0,0,1,0,0,0,0,0,1,0,"Gold Vendor, Bazaar",False,None
Necklace of Weak Minds,50,150,0,0,0,0,0,0,0,0,0,0,0,0,0,0,0,1,0,0,0,0,0,0,0,"Gold Vendor, Bazaar",False,None
Night's Piercing Ray,50,150,0,0,0,0,0,0,0,0,0,0,0,0,0,0,0,1,0,0,0,0,0,0,0,"Gold Vendor, Bazaar",False,None
Squire's Gold Wrought Torc,70,150,0,0,0,0,0,0,0,0,0,0,0,0,0,0,0,1,0,0,0,0,0,0,0,"Gold Vendor, Bazaar",False,None
Dragon Smoke Amulet,56,150,0,0,0,0,0,0,0,0,0,0,0,0,0,0,0,0,0,0,0,0,0,2,0,"Drop, Bazaar",False,None
Dragon's Shield Amulet,56,150,0,0,0,0,0,0,0,0,0,0,0,0,0,0,0,0,0,0,0,0,0,2,0,"Drop, Bazaar",False,None
Elemental Defuse Amulet,52,150,0,0,0,0,0,0,0,0,0,0,0,0,0,0,0,0,0,0,0,0,0,2,0,"Drop, Bazaar",False,None
FireWing's Jewel,92,150,0,0,0,0,0,0,0,0,0,0,0,0,0,0,0,0,0,0,0,0,0,2,0,"Drop, Bazaar",False,None
Spirit Defuse Amulet,52,150,0,0,0,0,0,0,0,0,0,0,0,0,0,0,0,0,0,0,0,0,0,2,0,"Drop, Bazaar",False,None
Dragon's Amulet of Ill Omen,50,150,0,0,0,0,0,0,0,0,0,0,0,0,0,0,0,0,0,0,0,0,0,1,0,"Gold Vendor, Bazaar",False,None
Wyrm's Curse Charm,54,150,0,0,0,0,0,0,0,0,0,0,0,0,0,0,0,0,0,0,0,0,0,1,0,"Drop, Bazaar",False,None
Shango's Stormblade Amulet,60,145,0,0,0,0,0,0,0,0,0,0,0,0,0,0,0,1,0,0,0,0,0,1,0,"Gold Vendor, Bazaar",False,None
Alphoi Defender Medallion,130,142,0,0,0,0,0,0,0,0,0,0,0,0,0,0,0,1,0,0,0,0,0,1,0,Crafting,False,None
Icy Paradox Amulet,130,142,0,0,0,0,0,0,0,0,0,0,0,0,0,0,0,1,0,0,0,0,0,1,0,Drop,False,None
House of Plague Greenstone,82,141,0,0,0,0,0,0,0,0,0,0,0,0,0,0,0,0,0,0,0,0,0,2,0,"Drop, Bazaar",False,None
Knight's Noble Amulet,78,140,0,0,0,0,0,0,0,0,0,0,0,0,0,0,0,1,0,0,0,0,0,1,0,Drop,False,None
Dawnfire Necklace,52,136,0,0,0,0,0,0,0,0,0,0,0,0,0,0,0,1,0,0,0,0,0,0,0,Crafting,False,None
Freezing Zanadu Pendant,130,134,0,0,0,0,0,0,0,0,0,0,0,0,0,0,0,1,0,0,0,0,0,1,0,"Drop, Stone Key",False,None
Wild Lightning Amulet,52,134,0,0,0,0,0,0,0,0,0,0,0,0,0,0,0,1,0,0,0,0,0,0,0,Crafting,False,None
Shining Cold House Amulet,82,133,0,0,0,0,0,0,0,0,0,0,0,0,0,0,0,0,0,0,0,0,0,2,0,"Drop, Bazaar",False,None
Pitch Black Lake Plague Shell,82,132,0,0,0,0,0,0,0,0,0,0,0,0,0,0,0,1,0,0,0,0,0,1,0,"Drop, Bazaar",False,None
Great Wild Wood Pendant,78,130,0,0,0,0,0,0,0,0,0,0,0,0,0,0,0,0,0,1,0,0,0,1,0,Drop,False,None
Numinous Torc,78,130,0,0,0,0,0,0,0,0,0,0,0,0,0,0,0,1,0,0,0,0,0,1,0,Drop,False,None
Trickster's Garnet Charm,50,130,0,0,0,0,0,0,0,0,0,0,0,0,0,0,0,0,0,0,0,0,0,1,0,"Gold Vendor, Bazaar",False,None
Trickster's Onyx Charm,50,130,0,0,0,0,0,0,0,0,0,0,0,0,0,0,0,0,0,0,0,0,0,1,0,"Gold Vendor, Bazaar",False,None
Alphoi Guerilla Medallion,130,128,0,0,0,0,0,0,0,0,0,0,0,0,0,0,0,1,0,0,0,0,0,1,0,Crafting,False,None
Lively Paradox Amulet,130,128,0,0,0,0,0,0,0,0,0,0,0,0,0,0,0,1,0,0,0,0,0,1,0,Drop,False,None
Keen Beak Pendant,80,128,0,0,0,0,0,0,0,0,0,0,0,0,0,0,0,1,0,0,0,0,0,0,0,"Gold Vendor, Drop, Bazaar",False,None
Alphoi Saboteur Medallion,130,125,0,0,0,0,0,0,0,0,0,0,0,0,0,0,0,1,0,0,0,0,0,1,0,Crafting,False,None
Amulet of the Cold Wyrm,50,125,0,0,0,0,0,0,0,0,0,0,0,0,0,0,0,1,0,0,0,0,0,1,0,"Gold Vendor, Bazaar",False,None
Balanced Paradox Amulet,130,125,0,0,0,0,0,0,0,0,0,0,0,0,0,0,0,1,0,0,0,0,0,1,0,Drop,False,None
Alphoi Warrior Medallion,130,121,0,0,0,0,0,0,0,0,0,0,0,0,0,0,0,1,0,0,0,0,0,1,0,Crafting,False,None
Deathly Paradox Amulet,130,121,0,0,0,0,0,0,0,0,0,0,0,0,0,0,0,1,0,0,0,0,0,1,0,Drop,False,None
Verdant Zanadu Pendant,130,121,0,0,0,0,0,0,0,0,0,0,0,0,0,0,0,1,0,0,0,0,0,1,0,"Drop, Stone Key",False,None
Baleful Star Necklace,58,120,0,0,0,0,0,0,0,0,0,0,0,0,0,0,0,1,0,0,0,0,0,1,0,"Drop, Bazaar",False,None
Thunder Horn's Coral Charm,82,120,0,0,0,0,0,0,0,0,0,0,0,0,0,0,0,1,0,0,0,0,0,1,0,"Drop, Bazaar",False,None
Ampul of Tetrus Prison,120,119,0,0,0,0,0,0,0,5,0,0,70,0,0,0,0,0,0,0,0,1,0,1,0,Drop,False,None
Immutable Zanadu Pendant,130,118,0,0,0,0,0,0,0,0,0,0,0,0,0,0,0,1,0,0,0,0,0,1,0,"Drop, Stone Key",False,None
Moon's Healing Charm,52,117,0,0,0,0,0,0,0,0,0,0,0,0,0,0,0,1,0,0,0,0,0,1,0,"Drop, Bazaar",False,None
Luphilim's Piercing Choker,110,115,0,0,0,0,0,0,0,0,0,0,0,0,0,0,0,0,0,0,0,0,0,2,0,Stone Key,False,None
Tetrus Ampul of Rumination,120,114,0,0,0,0,0,0,0,5,0,0,140,0,0,0,0,0,0,0,0,1,0,1,0,Drop,False,None
Alphoi Trooper Medallion,130,114,0,0,0,0,0,0,0,0,0,0,0,0,0,0,0,1,0,0,0,0,0,1,0,Crafting,False,None
Fiery Paradox Amulet,130,114,0,0,0,0,0,0,0,0,0,0,0,0,0,0,0,1,0,0,0,0,0,1,0,Drop,False,None
Grim Zanadu Pendant,130,114,0,0,0,0,0,0,0,0,0,0,0,0,0,0,0,1,0,0,0,0,0,1,0,"Drop, Stone Key",False,None
Amulet of Unweaving,52,113,0,0,0,0,0,0,0,0,0,0,0,0,0,0,0,1,0,0,0,0,0,0,0,"Drop, Bazaar",False,None
Dark of the Moon Necklace,52,113,0,0,0,0,0,0,0,0,0,0,0,0,0,0,0,1,0,0,0,0,0,0,0,Crafting,False,None
Valor's Blood Necklace,52,113,0,0,0,0,0,0,0,0,0,0,0,0,0,0,0,1,0,0,0,0,0,0,0,Crafting,False,None
Winter Storm Amulet,60,110,0,0,0,0,0,0,0,0,0,0,0,0,0,0,0,0,0,1,0,0,0,1,0,"Gold Vendor, Bazaar",False,None
Winter's Fire Amulet,60,110,0,0,0,0,0,0,0,0,0,0,0,0,0,0,0,0,0,1,0,0,0,1,0,"Gold Vendor, Bazaar",False,None
Mirror Light Pendant,66,110,0,0,0,0,0,0,0,0,0,0,0,0,0,0,0,0,0,0,0,1,0,0,0,Drop,False,None
Zafarite Amulet,66,110,0,0,0,0,0,0,0,0,0,0,0,0,0,0,0,0,0,0,0,1,0,0,0,Drop,False,None
Alphoi Charger Medallion,130,107,0,0,0,0,0,0,0,0,0,0,0,0,0,0,0,1,0,0,0,0,0,1,0,Crafting,False,None
Blazing Zanadu Pendant,130,107,0,0,0,0,0,0,0,0,0,0,0,0,0,0,0,1,0,0,0,0,0,1,0,"Drop, Stone Key",False,None
Stormy Paradox Amulet,130,107,0,0,0,0,0,0,0,0,0,0,0,0,0,0,0,1,0,0,0,0,0,1,0,Drop,False,None
Heart of Sky Greenstone Relic,86,105,0,0,0,0,0,0,0,0,0,0,0,0,0,0,0,0,0,1,0,0,0,0,0,"Drop, Quest",False,None
Luphilim's Rapture Pendant,110,104,0,0,0,0,0,0,0,0,0,0,0,0,0,0,0,0,0,0,0,0,0,2,0,Stone Key,False,None
Moon's Grace Necklace,52,101,0,0,0,0,0,0,0,0,0,0,0,0,0,0,0,0,0,1,0,1,0,0,0,Crafting,False,None
Crackling Zanadu Pendant,130,101,0,0,0,0,0,0,0,0,0,0,0,0,0,0,0,1,0,0,0,0,0,1,0,"Drop, Stone Key",False,None
Luphilim's Valiant Pendant,110,101,0,0,0,0,0,0,0,0,0,0,0,0,0,0,0,0,0,0,0,0,0,2,0,Stone Key,False,None
Epic Archival Ampul (Level 50+),50,100,0,0,0,0,0,0,0,0,0,0,0,0,0,0,0,0,0,0,0,0,0,1,1,"Housing Gauntlet, Crowns",False,None
Tricksy Dragon Charm,56,100,0,0,0,0,0,0,0,0,0,0,0,0,0,0,0,0,0,0,0,0,0,2,0,"Drop, Bazaar",False,None
Mother Moon's Hushed Charm,84,100,0,0,0,0,0,0,0,0,0,0,0,0,0,0,0,0,0,0,0,0,0,1,0,Crafting,False,None
Luphilim's Eternal Chain,110,99,0,0,0,0,0,0,0,0,0,0,0,0,0,0,0,0,0,0,0,0,0,2,0,Stone Key,False,None
Amulet of the Fire Pearl,52,98,0,0,0,0,0,0,0,0,0,0,0,0,0,0,0,1,0,0,0,0,0,0,0,"Drop, Bazaar",False,None
Luphilim's Grim Chain,110,98,0,0,0,0,0,0,0,0,0,0,0,0,0,0,0,0,0,0,0,0,0,2,0,Stone Key,False,None
Blazing Jade Wing Talisman,88,96,0,0,0,0,0,0,0,0,0,0,0,0,0,0,0,1,0,0,0,0,0,1,0,Drop,False,None
Moon Storm Amulet,52,96,0,0,0,0,0,0,0,0,0,0,0,0,0,0,0,1,0,0,0,0,0,0,0,"Bazaar, Stone Key",False,None
Charm of Northwind's Armor,52,93,0,0,0,0,0,0,0,0,0,0,0,0,0,0,0,0,0,0,0,0,0,2,0,Crafting,False,None
Luphilim's Blazing Bauble,110,92,0,0,0,0,0,0,0,0,0,0,0,0,0,0,0,0,0,0,0,0,0,2,0,Stone Key,False,None
Trendy Fairy Kei Charm (Level 50+),50,90,0,0,0,0,0,0,0,0,0,0,0,0,0,0,0,0,0,0,0,0,1,0,1,Crowns,False,None
Chronius' Continuum Circlet,50,90,0,0,0,0,0,0,0,0,0,0,0,0,0,0,0,0,0,0,0,1,0,1,0,"Drop, Crafting, Crowns",False,None
Luphilim's Howling Chain,110,86,0,0,0,0,0,0,0,0,0,0,0,0,0,0,0,0,0,0,0,0,0,2,0,Stone Key,False,None
Wastelander's Furious Totem (Level 50+),50,80,0,0,0,0,0,0,0,0,0,0,0,0,0,0,0,0,0,0,0,1,0,0,1,Crowns,False,None
Burrower's Conjuration Amulet (Level 50+),50,80,0,0,0,0,0,0,0,0,0,0,0,0,0,0,0,0,0,0,0,0,0,2,0,"Gold Key, Crowns",False,None
Gruesome Cerberus Master Ampul (Level 50+),50,80,0,0,0,0,0,0,0,0,0,0,0,0,0,0,0,0,0,0,0,0,0,2,0,Crowns,False,None
Mythic Night Mire Amulet (Level 50+),50,80,0,0,0,0,0,0,0,0,0,0,0,0,0,0,0,0,0,0,0,0,0,2,0,"Housing Gauntlet, Crowns",False,None
Chronius' Continuum Amulet,50,80,0,0,0,0,0,0,0,0,0,0,0,0,0,0,0,0,0,0,0,1,0,1,0,Drop,False,None
Charm of Stony Snakes,62,75,0,0,0,0,0,0,0,0,0,0,0,0,0,0,0,1,0,0,0,0,0,1,0,Crafting,False,None
Amulet of the Dark Moon,52,75,0,0,0,0,0,0,0,0,0,0,0,0,0,0,0,1,0,0,0,0,0,0,0,"Drop, Bazaar",False,None
Burning Ties Amulet,52,75,0,0,0,0,0,0,0,0,0,0,0,0,0,0,0,1,0,0,0,0,0,0,0,"Drop, Bazaar",False,None
Rising Sun Head Relic,82,75,0,0,0,0,0,0,0,0,0,0,0,0,0,0,0,0,0,0,0,0,0,2,0,"Drop, Bazaar",False,None
Wyrm's Bite Amulet,56,70,0,0,0,0,0,0,0,0,0,0,0,0,0,0,0,0,0,0,0,0,0,2,0,"Drop, Bazaar",False,None
Rebus Medallion,60,65,0,0,0,0,0,0,0,0,0,0,0,0,0,0,0,1,0,0,0,0,0,0,0,"Drop, Stone Key",False,None
Valkyrie's Light Pendant,52,63,0,0,0,0,0,0,0,0,0,0,0,0,0,0,0,0,0,1,0,1,0,0,0,Bazaar,False,None
Heroic Torc,74,60,0,0,0,0,0,0,0,0,0,0,0,0,0,0,0,0,0,0,0,0,0,1,0,Crafting,False,None
Northwind's Shielding Charm,52,58,0,0,0,0,0,0,0,0,0,0,0,0,0,0,0,0,0,0,0,0,0,2,0,Crafting,False,None
Epic Archival Ampul (Level 30+),30,55,0,0,0,0,0,0,0,0,0,0,0,0,0,0,0,0,0,0,0,0,0,1,1,Crowns,False,None
Epic Archival Ampul (Level 40+),40,55,0,0,0,0,0,0,0,0,0,0,0,0,0,0,0,0,0,0,0,0,0,1,1,Crowns,False,None
Great Inventor's Myth Ampul (Level 30+),30,55,0,0,0,0,0,0,0,0,0,0,0,0,0,0,0,0,0,0,0,0,0,2,0,Crowns,False,None
Great Inventor's Myth Ampul (Level 40+),40,55,0,0,0,0,0,0,0,0,0,0,0,0,0,0,0,0,0,0,0,0,0,2,0,Crowns,False,None
Valkyrie's Moonlight Charm,52,55,0,0,0,0,0,0,0,0,0,0,0,0,0,0,0,0,0,0,0,0,0,2,0,"Drop, Bazaar",False,None
Vial of Fabled Shangri-Baa,25,55,0,0,0,0,0,0,0,0,0,0,0,0,0,0,0,0,0,0,0,0,0,2,0,Drop,False,None
Argent Rose Seal,74,55,0,0,0,0,0,0,0,0,0,0,0,0,0,0,0,0,0,0,0,0,0,1,0,Crafting,False,None
Witch's Star Necklace,58,50,0,0,0,0,0,0,0,0,0,0,0,0,0,0,0,1,0,0,0,0,0,1,0,Drop,False,None
Trendy Fairy Kei Charm (Level 30+),30,50,0,0,0,0,0,0,0,0,0,0,0,0,0,0,0,0,0,0,0,0,1,0,1,Crowns,False,None
Spellwrought Band,74,50,0,0,0,0,0,0,0,0,0,0,0,0,0,0,0,0,0,0,0,0,0,1,0,Crafting,False,None
Smoking Fang Talisman,82,47,0,0,0,0,0,0,0,0,0,0,0,0,0,0,0,0,0,0,0,0,0,2,0,"Drop, Bazaar",False,None
Wastelander's Furious Totem (Level 30+),30,44,0,0,0,0,0,0,0,0,0,0,0,0,0,0,0,0,0,0,0,1,0,0,1,Crowns,False,None
Wastelander's Furious Totem (Level 40+),40,44,0,0,0,0,0,0,0,0,0,0,0,0,0,0,0,0,0,0,0,1,0,0,1,Crowns,False,None
Burrower's Conjuration Amulet (Level 40+),40,44,0,0,0,0,0,0,0,0,0,0,0,0,0,0,0,0,0,0,0,0,0,2,0,Crowns,False,None
Mythic Night Mire Amulet (Level 30+),30,44,0,0,0,0,0,0,0,0,0,0,0,0,0,0,0,0,0,0,0,0,0,2,0,Crowns,False,None
Mythic Night Mire Amulet (Level 40+),40,44,0,0,0,0,0,0,0,0,0,0,0,0,0,0,0,0,0,0,0,0,0,2,0,Crowns,False,None
Shining Horns of Light Relic,88,43,0,0,0,0,0,0,0,0,0,0,0,0,0,0,0,1,0,0,0,0,0,1,0,Drop,False,None
Amulet of the Mind Monk,25,40,0,0,0,0,0,0,0,0,0,0,0,0,0,0,0,1,0,0,0,0,0,1,0,"Drop, Wooden Key",False,None
Skystorm Necklace,52,38,0,0,0,0,0,0,0,0,0,0,0,0,0,0,0,0,0,0,0,1,0,0,0,Crafting,False,None
Pagoda of Harmony Memento,25,25,0,0,0,0,0,0,0,0,0,0,0,0,0,0,0,1,0,0,0,0,0,0,0,"Drop, Wooden Key",False,None
Valkyrie's Pearl Pendant,52,20,0,0,0,0,0,0,0,0,0,0,0,0,0,0,0,0,0,0,0,0,0,2,0,"Drop, Bazaar",False,None
Exalted Balance Amulet,90,0,0,0,0,0,0,6,0,0,0,0,0,0,0,0,0,0,0,0,0,1,0,1,0,Drop,False,None
Amulet of Free Movement,1,0,0,0,0,0,0,0,0,30,0,0,0,0,0,0,0,0,0,0,0,0,0,0,0,Unavailable,False,None
Advanced Myth Charm,50,0,0,0,0,0,0,0,0,0,0,0,0,0,0,0,0,1,0,1,0,0,0,0,0,Crowns,False,None
Arcane Ampul,55,0,0,0,0,0,0,0,0,0,0,0,0,0,0,0,0,0,0,1,0,0,0,1,0,"Bazaar, Crafting",False,None
Fervent Charm,55,0,0,0,0,0,0,0,0,0,0,0,0,0,0,0,0,0,0,1,0,0,0,1,0,"Bazaar, Crafting",False,None
Old Smokey's Froggy Loop,25,0,0,0,0,0,0,0,0,0,0,0,0,0,0,0,0,0,0,1,0,0,0,1,0,"Drop, Bazaar",False,None
Proportional Pendant,55,0,0,0,0,0,0,0,0,0,0,0,0,0,0,0,0,0,0,1,0,0,0,1,0,"Bazaar, Crafting",False,None
Katzenstein's Necklace,25,0,0,0,0,0,0,0,0,0,0,0,0,0,0,0,0,0,0,1,0,1,0,0,0,"Drop, Bazaar",False,None
Spike's Amulet of Smiting,25,0,0,0,0,0,0,0,0,0,0,0,0,0,0,0,0,0,0,1,0,1,0,0,0,"Drop, Bazaar",False,None
Akori's Deepwater Amulet,15,0,0,0,0,0,0,0,0,0,0,0,0,0,0,0,0,0,0,1,0,0,0,0,0,"Drop, Bazaar",False,None
Amulet of Eyes,15,0,0,0,0,0,0,0,0,0,0,0,0,0,0,0,0,0,0,1,0,0,0,0,0,"Drop, Bazaar",False,None
Chronius' Continuum Circlet (Level 45+),45,0,0,0,0,0,0,0,0,0,0,0,0,0,0,0,0,0,0,1,0,0,0,0,0,Bazaar,False,None
Djeserit's Lucky Pendant,15,0,0,0,0,0,0,0,0,0,0,0,0,0,0,0,0,0,0,1,0,0,0,0,0,"Drop, Bazaar",False,None
Fushiko's Choker,35,0,0,0,0,0,0,0,0,0,0,0,0,0,0,0,0,0,0,1,0,0,0,0,0,"Drop, Bazaar",False,None
Jade Oni's Amulet of Duplicity,35,0,0,0,0,0,0,0,0,0,0,0,0,0,0,0,0,0,0,1,0,0,0,0,0,"Drop, Bazaar",False,None
Oyotomi's Snowstorm Pendant,35,0,0,0,0,0,0,0,0,0,0,0,0,0,0,0,0,0,0,1,0,0,0,0,0,"Drop, Bazaar",False,None
Plagued Collar of the Beast,35,0,0,0,0,0,0,0,0,0,0,0,0,0,0,0,0,0,0,1,0,0,0,0,0,"Drop, Bazaar",False,None
Sokkwi's Weathered Amulet,15,0,0,0,0,0,0,0,0,0,0,0,0,0,0,0,0,0,0,1,0,0,0,0,0,"Drop, Bazaar, Wooden Key",False,None
Spirit's Flowering Choker,35,0,0,0,0,0,0,0,0,0,0,0,0,0,0,0,0,0,0,1,0,0,0,0,0,"Drop, Bazaar",False,None
War Oni's Tempestial Circle,35,0,0,0,0,0,0,0,0,0,0,0,0,0,0,0,0,0,0,1,0,0,0,0,0,"Drop, Bazaar",False,None
Seal of the Seven Seas,52,0,0,0,0,0,0,0,0,0,0,0,0,0,0,0,0,1,0,0,0,0,0,1,0,"Bazaar, Crafting",False,Celestian Totality Set
Alphoi Brigadier Medallion,130,0,0,0,0,0,0,0,0,0,0,0,0,0,0,0,0,1,0,0,0,0,0,1,0,Crafting,False,None
Bellows' Bitter Cold Amulet,25,0,0,0,0,0,0,0,0,0,0,0,0,0,0,0,0,1,0,0,0,0,0,1,0,"Drop, Bazaar",False,None
Brilliant Night Mask Memento,86,0,0,0,0,0,0,0,0,0,0,0,0,0,0,0,0,1,0,0,0,0,0,1,0,Drop,False,None
Brood Mother's Lavalliere,96,0,0,0,0,0,0,0,0,0,0,0,0,0,0,0,0,1,0,0,0,0,0,1,0,Drop,False,None
Crisp Choker,55,0,0,0,0,0,0,0,0,0,0,0,0,0,0,0,0,1,0,0,0,0,0,1,0,"Bazaar, Crafting",False,None
Death Oni's Necklace of Doom,35,0,0,0,0,0,0,0,0,0,0,0,0,0,0,0,0,1,0,0,0,0,0,1,0,"Drop, Bazaar",False,None
Divine Paradox Amulet,130,0,0,0,0,0,0,0,0,0,0,0,0,0,0,0,0,1,0,0,0,0,0,1,0,Drop,False,None
Forsaken Pendant,55,0,0,0,0,0,0,0,0,0,0,0,0,0,0,0,0,1,0,0,0,0,0,1,0,"Bazaar, Crafting",False,None
Hopeful Zanadu Pendant,130,0,0,0,0,0,0,0,0,0,0,0,0,0,0,0,0,1,0,0,0,0,0,1,0,"Drop, Stone Key",False,None
Meowiarty's Fyery Necklace,25,0,0,0,0,0,0,0,0,0,0,0,0,0,0,0,0,1,0,0,0,0,0,1,0,"Drop, Bazaar",False,None
Nganga's Strong Muti Pendant,68,0,0,0,0,0,0,0,0,0,0,0,0,0,0,0,0,1,0,0,0,0,0,1,0,"Drop, Stone Key",False,None
Ornament of Mesmerization,40,0,0,0,0,0,0,0,0,0,0,0,0,0,0,0,0,1,0,0,0,0,0,1,0,Drop,False,None
Pendant of Pandemonium,55,0,0,0,0,0,0,0,0,0,0,0,0,0,0,0,0,1,0,0,0,0,0,1,0,"Bazaar, Crafting",False,None
Smogger's Sand Choker,25,0,0,0,0,0,0,0,0,0,0,0,0,0,0,0,0,1,0,0,0,0,0,1,0,"Drop, Bazaar",False,None
Sprockets' Amulet,25,0,0,0,0,0,0,0,0,0,0,0,0,0,0,0,0,1,0,0,0,0,0,1,0,"Drop, Bazaar",False,None
Talisman of the Tower,40,0,0,0,0,0,0,0,0,0,0,0,0,0,0,0,0,1,0,0,0,0,0,1,0,"Drop, Bazaar, Quest",False,None
Witch Doctor's Juju Pendant,68,0,0,0,0,0,0,0,0,0,0,0,0,0,0,0,0,1,0,0,0,0,0,1,0,"Drop, Stone Key",False,None
Scarecrow's Sinister Vial,52,0,0,0,0,0,0,0,0,0,0,0,0,0,0,0,0,1,0,0,0,0,0,0,0,"Drop, Bazaar, Fishing",False,Celestian Abyss Set
Jewel of the Dragons,52,0,0,0,0,0,0,0,0,0,0,0,0,0,0,0,0,1,0,0,0,0,0,0,0,"Drop, Bazaar",False,Celestian Cinder Set
Frost Giant's Talisman,52,0,0,0,0,0,0,0,0,0,0,0,0,0,0,0,0,1,0,0,0,0,0,0,0,"Drop, Bazaar, Quest",False,Celestian Frostbit Set
Storm Lord's Pendant,52,0,0,0,0,0,0,0,0,0,0,0,0,0,0,0,0,1,0,0,0,0,0,0,0,"Drop, Bazaar",False,Celestian Tempest Set
Vial of Rebirth,52,0,0,0,0,0,0,0,0,0,0,0,0,0,0,0,0,1,0,0,0,0,0,0,0,"Drop, Bazaar, Fishing",False,Everlasting Celestian Set
Amulet of Agony,56,0,0,0,0,0,0,0,0,0,0,0,0,0,0,0,0,1,0,0,0,0,0,0,0,"Drop, Bazaar",False,None
Crown's Charm of Adroitness,40,0,0,0,0,0,0,0,0,0,0,0,0,0,0,0,0,1,0,0,0,0,0,0,0,"Drop, Wooden Key",False,None
Earthquake Amulet,52,0,0,0,0,0,0,0,0,0,0,0,0,0,0,0,0,1,0,0,0,0,0,0,0,"Bazaar, Crafting",False,None
Empowered Talisman,52,0,0,0,0,0,0,0,0,0,0,0,0,0,0,0,0,1,0,0,0,0,0,0,0,"Bazaar, Crafting",False,None
Iceblade Vial,52,0,0,0,0,0,0,0,0,0,0,0,0,0,0,0,0,1,0,0,0,0,0,0,0,"Bazaar, Crafting",False,None
Kepi's Aviary Amulet,15,0,0,0,0,0,0,0,0,0,0,0,0,0,0,0,0,1,0,0,0,0,0,0,0,"Drop, Bazaar",False,None
Moon Pendant,56,0,0,0,0,0,0,0,0,0,0,0,0,0,0,0,0,1,0,0,0,0,0,0,0,"Drop, Bazaar, Fishing",False,None
Sanctuary Collar,52,0,0,0,0,0,0,0,0,0,0,0,0,0,0,0,0,1,0,0,0,0,0,0,0,"Bazaar, Crafting",False,None
Scorched Talisman,56,0,0,0,0,0,0,0,0,0,0,0,0,0,0,0,0,1,0,0,0,0,0,0,0,"Drop, Bazaar, Fishing",False,None
Shai's Amulet of Screams,15,0,0,0,0,0,0,0,0,0,0,0,0,0,0,0,0,1,0,0,0,0,0,0,0,"Drop, Bazaar",False,None
Smoking Vial,52,0,0,0,0,0,0,0,0,0,0,0,0,0,0,0,0,1,0,0,0,0,0,0,0,"Bazaar, Crafting",False,None
Soulsapper's Twisted Ankh,15,0,0,0,0,0,0,0,0,0,0,0,0,0,0,0,0,1,0,0,0,0,0,0,0,"Drop, Bazaar",False,None
Star Amulet,56,0,0,0,0,0,0,0,0,0,0,0,0,0,0,0,0,1,0,0,0,0,0,0,0,"Drop, Bazaar, Fishing",False,None
Vial of Frozen Fury,56,0,0,0,0,0,0,0,0,0,0,0,0,0,0,0,0,1,0,0,0,0,0,0,0,"Drop, Bazaar",False,None
Vial of Judgement,52,0,0,0,0,0,0,0,0,0,0,0,0,0,0,0,0,1,0,0,0,0,0,0,0,"Bazaar, Crafting",False,None
Vial of Stormy Seas,56,0,0,0,0,0,0,0,0,0,0,0,0,0,0,0,0,1,0,0,0,0,0,0,0,"Drop, Bazaar, Fishing",False,None
Vial of the Sun,56,0,0,0,0,0,0,0,0,0,0,0,0,0,0,0,0,1,0,0,0,0,0,0,0,"Drop, Bazaar, Fishing",False,None
Orthrus's Choker,52,0,0,0,0,0,0,0,0,0,0,0,0,0,0,0,0,1,0,0,0,0,0,0,0,"Drop, Bazaar, Fishing",False,Storied Celestian Set
Nova Necklace,52,0,0,0,0,0,0,0,0,0,0,0,0,0,0,0,0,1,0,0,0,0,0,0,0,"Drop, Bazaar, Fishing",False,Versatile Celestian Set
Trendy Fairy Kei Charm (Level 20+),20,0,0,0,0,0,0,0,0,0,0,0,0,0,0,0,0,0,0,0,0,0,1,0,1,Crowns,False,None
Epic Archival Ampul (Level 20+),20,0,0,0,0,0,0,0,0,0,0,0,0,0,0,0,0,0,0,0,0,0,0,1,1,Crowns,False,None
Chaplet of the Death Knight,100,0,0,0,0,0,0,0,0,0,0,0,0,0,0,0,0,0,0,0,0,0,0,2,0,Stone Key,False,None
Collar of the Betrayed,100,0,0,0,0,0,0,0,0,0,0,0,0,0,0,0,0,0,0,0,0,0,0,2,0,Stone Key,False,None
Great Inventor's Myth Ampul (Level 20+),20,0,0,0,0,0,0,0,0,0,0,0,0,0,0,0,0,0,0,0,0,0,0,2,0,Crowns,False,None
Howling Werewolf's Collar,100,0,0,0,0,0,0,0,0,0,0,0,0,0,0,0,0,0,0,0,0,0,0,2,0,Stone Key,False,None
Jewel of the Feint,50,0,0,0,0,0,0,0,0,0,0,0,0,0,0,0,0,0,0,0,0,0,0,2,0,"Drop, Bazaar, Fishing",False,None
Locket of the Opera Nova,40,0,0,0,0,0,0,0,0,0,0,0,0,0,0,0,0,0,0,0,0,0,0,2,0,Drop,False,None
Lovelorn Spirit's Amulet,100,0,0,0,0,0,0,0,0,0,0,0,0,0,0,0,0,0,0,0,0,0,0,2,0,Stone Key,False,None
Mythic Night Mire Amulet (Level 20+),20,0,0,0,0,0,0,0,0,0,0,0,0,0,0,0,0,0,0,0,0,0,0,2,0,Crowns,False,None
Nature's Circle of Calm,72,0,0,0,0,0,0,0,0,0,0,0,0,0,0,0,0,0,0,0,0,0,0,2,0,"Drop, Bazaar",False,None
Nebit's Locket of Whimsy,15,0,0,0,0,0,0,0,0,0,0,0,0,0,0,0,0,0,0,0,0,0,0,2,0,"Drop, Bazaar",False,None
Squire's Torc of Deception,100,0,0,0,0,0,0,0,0,0,0,0,0,0,0,0,0,0,0,0,0,0,0,2,0,Stone Key,False,None
Valkyrie's Star Necklace,58,0,0,0,0,0,0,0,0,0,0,0,0,0,0,0,0,0,0,0,0,0,0,2,0,Drop,False,None
Vial of the Unchecked Ego,100,0,0,0,0,0,0,0,0,0,0,0,0,0,0,0,0,0,0,0,0,0,0,2,0,Stone Key,False,None
Ahnic's Ethereal Pendant,15,0,0,0,0,0,0,0,0,0,0,0,0,0,0,0,0,0,0,0,0,1,0,1,0,"Drop, Bazaar",False,None
Champion's Decoy Choker,15,0,0,0,0,0,0,0,0,0,0,0,0,0,0,0,0,0,0,0,0,1,0,1,0,"Drop, Bazaar",False,None
Exalted Death Amulet,90,0,0,0,0,0,0,0,0,0,0,0,0,0,0,0,0,0,0,0,0,1,0,1,0,Drop,False,None
Exalted Fire Amulet,90,0,0,0,0,0,0,0,0,0,0,0,0,0,0,0,0,0,0,0,0,1,0,1,0,Drop,False,None
Exalted Ice Amulet,90,0,0,0,0,0,0,0,0,0,0,0,0,0,0,0,0,0,0,0,0,1,0,1,0,Drop,False,None
Exalted Life Amulet,90,0,0,0,0,0,0,0,0,0,0,0,0,0,0,0,0,0,0,0,0,1,0,1,0,Drop,False,None
Exalted Storm Amulet,90,0,0,0,0,0,0,0,0,0,0,0,0,0,0,0,0,0,0,0,0,1,0,1,0,Drop,False,None
Fabled Skyfarer's Amulet (Level 20+),20,0,0,0,0,0,0,0,0,0,0,0,0,0,0,0,0,0,0,0,0,1,0,1,0,Crowns,False,None
Fabled Skyfarer's Amulet (Level 40+),40,0,0,0,0,0,0,0,0,0,0,0,0,0,0,0,0,0,0,0,0,1,0,1,0,Crowns,False,None
Fabled Skyfarer's Amulet (Level 50+),50,0,0,0,0,0,0,0,0,0,0,0,0,0,0,0,0,0,0,0,0,1,0,1,0,Crowns,False,None
Malistaire's Infamous Charm (Level 50+),50,0,0,0,0,0,0,0,0,0,0,0,0,0,0,0,0,0,0,0,0,1,0,1,0,Rematch,False,None
Pendant of Baobab Branches,62,0,0,0,0,0,0,0,0,0,0,0,0,0,0,0,0,0,0,0,0,1,0,1,0,"Drop, Bazaar",False,None
Pendant of the Icy Soul,15,0,0,0,0,0,0,0,0,0,0,0,0,0,0,0,0,0,0,0,0,1,0,1,0,"Drop, Bazaar",False,None
Shemet's Bloody Choker,15,0,0,0,0,0,0,0,0,0,0,0,0,0,0,0,0,0,0,0,0,1,0,1,0,"Drop, Bazaar",False,None
Sokkwi's Necklace of Skies,15,0,0,0,0,0,0,0,0,0,0,0,0,0,0,0,0,0,0,0,0,1,0,1,0,"Drop, Bazaar",False,None
Son of Storms' Sigil,15,0,0,0,0,0,0,0,0,0,0,0,0,0,0,0,0,0,0,0,0,1,0,1,0,"Drop, Bazaar",False,None
Legendary Vial,50,0,0,0,0,0,0,0,0,0,0,0,0,0,0,0,0,0,0,0,0,0,0,1,0,"Gold Vendor, Drop, Bazaar",False,None
Lifetree Amulet,74,0,0,0,0,0,0,0,0,0,0,0,0,0,0,0,0,0,0,0,0,0,0,1,0,Crafting,False,None
Meowiarty's Satyrical Choker,25,0,0,0,0,0,0,0,0,0,0,0,0,0,0,0,0,0,0,0,0,0,0,1,0,"Drop, Bazaar",False,None
O'Leary's Briney Amulet,25,0,0,0,0,0,0,0,0,0,0,0,0,0,0,0,0,0,0,0,0,0,0,1,0,"Drop, Bazaar",False,None
Protective Pendant,50,0,0,0,0,0,0,0,0,0,0,0,0,0,0,0,0,0,0,0,0,0,0,1,0,"Gold Vendor, Drop, Bazaar",False,None
Scratcher's Black Amulet,25,0,0,0,0,0,0,0,0,0,0,0,0,0,0,0,0,0,0,0,0,0,0,1,0,"Drop, Bazaar",False,None
Silver Rose Pendant,74,0,0,0,0,0,0,0,0,0,0,0,0,0,0,0,0,0,0,0,0,0,0,1,0,Crafting,False,None
Talisman of Disorder,45,0,0,0,0,0,0,0,0,0,0,0,0,0,0,0,0,0,0,0,0,0,0,1,0,"Bazaar, Quest",False,None
Triskelion Torc,74,0,0,0,0,0,0,0,0,0,0,0,0,0,0,0,0,0,0,0,0,0,0,1,0,Crafting,False,None
Ursine Gold Band,74,0,0,0,0,0,0,0,0,0,0,0,0,0,0,0,0,0,0,0,0,0,0,1,0,Crafting,False,None
Widow's Red Rising Amulet,25,0,0,0,0,0,0,0,0,0,0,0,0,0,0,0,0,0,0,0,0,0,0,1,0,"Drop, Bazaar",False,None
Windstorm Choker,50,0,0,0,0,0,0,0,0,0,0,0,0,0,0,0,0,0,0,0,0,0,0,1,0,"Gold Vendor, Drop, Bazaar",False,None
Amulet of Chilled Creatures,25,0,0,0,0,0,0,0,0,0,0,0,0,0,0,0,0,0,0,0,0,1,0,0,0,"Drop, Bazaar",False,None
Charging Pearl Pendant,52,0,0,0,0,0,0,0,0,0,0,0,0,0,0,0,0,0,0,0,0,1,0,0,0,"Bazaar, Stone Key",False,None
Clanker's Choker of Bones,25,0,0,0,0,0,0,0,0,0,0,0,0,0,0,0,0,0,0,0,0,1,0,0,0,"Drop, Bazaar",False,None
Mugsy's Meteorite Amulet,25,0,0,0,0,0,0,0,0,0,0,0,0,0,0,0,0,0,0,0,0,1,0,0,0,"Drop, Bazaar",False,None
Nellek's Regenerating Jewel,50,0,0,0,0,0,0,0,0,0,0,0,0,0,0,0,0,0,0,0,0,1,0,0,0,"Gold Vendor, Drop, Bazaar",False,None
Spectral Choker,50,0,0,0,0,0,0,0,0,0,0,0,0,0,0,0,0,0,0,0,0,1,0,0,0,"Gold Vendor, Drop, Bazaar",False,None
Triton's Torc,52,0,0,0,0,0,0,0,0,0,0,0,0,0,0,0,0,0,0,0,0,1,0,0,0,"Bazaar, Crafting",False,None
Wyldfire Collar,50,0,0,0,0,0,0,0,0,0,0,0,0,0,0,0,0,0,0,0,0,1,0,0,0,"Gold Vendor, Drop, Bazaar",False,None
Amber Charm of Trapped Moxie,1,0,0,0,0,0,0,0,0,0,0,0,0,0,0,0,0,0,0,0,0,0,0,0,0,Unavailable,False,None
Amulet of Dark Desires,1,0,0,0,0,0,0,0,0,0,0,0,0,0,0,0,0,0,0,0,0,0,0,0,0,"Gold Vendor, Bazaar, Fishing",False,None
Amulet of Dragon Steam,1,0,0,0,0,0,0,0,0,0,0,0,0,0,0,0,0,0,0,0,0,0,0,0,0,Unavailable,False,None
Amulet of the Fay,5,0,0,0,0,0,0,0,0,0,0,0,0,0,0,0,0,0,0,0,0,0,0,0,0,"Gold Vendor, Drop, Bazaar",False,None
Balance Mastery Amulet,1,0,0,0,0,0,0,0,0,0,0,0,0,0,0,0,0,0,0,0,0,0,0,0,0,"Drop, Crowns",False,None
Bastilla's Deadly Choker,10,0,0,0,0,0,0,0,0,0,0,0,0,0,0,0,0,0,0,0,0,0,0,0,0,"Gold Vendor, Drop, Bazaar",False,None
Bogeyman's Pendant,5,0,0,0,0,0,0,0,0,0,0,0,0,0,0,0,0,0,0,0,0,0,0,0,0,"Gold Vendor, Drop, Bazaar",False,None
Burrower's Conjuration Amulet (Any Level),1,0,0,0,0,0,0,0,0,0,0,0,0,0,0,0,0,0,0,0,0,0,0,0,0,Crowns,False,None
Burrower's Conjuration Amulet (Level 10+),10,0,0,0,0,0,0,0,0,0,0,0,0,0,0,0,0,0,0,0,0,0,0,0,0,Crowns,False,None
Choker of Ferocity,5,0,0,0,0,0,0,0,0,0,0,0,0,0,0,0,0,0,0,0,0,0,0,0,0,"Gold Vendor, Drop, Bazaar, Quest",False,None
Choker of Mischief,1,0,0,0,0,0,0,0,0,0,0,0,0,0,0,0,0,0,0,0,0,0,0,0,0,"Gold Vendor, Bazaar, Fishing",False,None
Choker of Swarms,5,0,0,0,0,0,0,0,0,0,0,0,0,0,0,0,0,0,0,0,0,0,0,0,0,"Gold Vendor, Drop, Bazaar",False,None
Death Mastery Amulet,1,0,0,0,0,0,0,0,0,0,0,0,0,0,0,0,0,0,0,0,0,0,0,0,0,"Drop, Crowns",False,None
Diadem of Despair,1,0,0,0,0,0,0,0,0,0,0,0,0,0,0,0,0,0,0,0,0,0,0,0,0,Unavailable,False,None
Elven Pendant,5,0,0,0,0,0,0,0,0,0,0,0,0,0,0,0,0,0,0,0,0,0,0,0,0,"Gold Vendor, Drop, Bazaar",False,None
Epic Archival Ampul (Any Level),1,0,0,0,0,0,0,0,0,0,0,0,0,0,0,0,0,0,0,0,0,0,0,0,0,Crowns,False,None
Epic Archival Ampul (Level 10+),10,0,0,0,0,0,0,0,0,0,0,0,0,0,0,0,0,0,0,0,0,0,0,0,0,Crowns,False,None
Eye of the Fiery Feline,1,0,0,0,0,0,0,0,0,0,0,0,0,0,0,0,0,0,0,0,0,0,0,0,0,"Gold Vendor, Bazaar, Fishing",False,None
Fabled Skyfarer's Amulet (Any Level),1,0,0,0,0,0,0,0,0,0,0,0,0,0,0,0,0,0,0,0,0,0,0,0,0,Crowns,False,None
Fabled Skyfarer's Amulet (Level 10+),10,0,0,0,0,0,0,0,0,0,0,0,0,0,0,0,0,0,0,0,0,0,0,0,0,Crowns,False,None
Fire Mastery Amulet,1,0,0,0,0,0,0,0,0,0,0,0,0,0,0,0,0,0,0,0,0,0,0,0,0,"Drop, Crowns",False,None
Flash Frozen Choker,5,0,0,0,0,0,0,0,0,0,0,0,0,0,0,0,0,0,0,0,0,0,0,0,0,"Gold Vendor, Drop, Bazaar",False,None
Floramancer Amulet of Ages (Level 10+),10,0,0,0,0,0,0,0,0,0,0,0,0,0,0,0,0,0,0,0,0,0,0,0,0,Crowns,False,None
Frost Crawler Necklace,1,0,0,0,0,0,0,0,0,0,0,0,0,0,0,0,0,0,0,0,0,0,0,0,0,"Gold Vendor, Bazaar, Fishing",False,None
Gobblestone's Pendant,5,0,0,0,0,0,0,0,0,0,0,0,0,0,0,0,0,0,0,0,0,0,0,0,0,"Gold Vendor, Drop, Bazaar",False,None
Great Inventor's Myth Ampul (Any Level),1,0,0,0,0,0,0,0,0,0,0,0,0,0,0,0,0,0,0,0,0,0,0,0,0,Crowns,False,None
Great Inventor's Myth Ampul (Level 10+),10,0,0,0,0,0,0,0,0,0,0,0,0,0,0,0,0,0,0,0,0,0,0,0,0,Crowns,False,None
Greebly's Gemstone,5,0,0,0,0,0,0,0,0,0,0,0,0,0,0,0,0,0,0,0,0,0,0,0,0,"Gold Vendor, Drop, Bazaar",False,None
Gruesome Cerberus Master Ampul (Level 10+),10,0,0,0,0,0,0,0,0,0,0,0,0,0,0,0,0,0,0,0,0,0,0,0,0,Crowns,False,None
Ice Mastery Amulet,1,0,0,0,0,0,0,0,0,0,0,0,0,0,0,0,0,0,0,0,0,0,0,0,0,"Drop, Crowns",False,None
Infectious Necklace,1,0,0,0,0,0,0,0,0,0,0,0,0,0,0,0,0,0,0,0,0,0,0,0,0,"Gold Vendor, Bazaar, Fishing",False,None
Judgement of Pitch Black Lake,88,0,0,0,0,0,0,0,0,0,0,0,0,0,0,0,0,0,0,0,0,0,0,0,0,Drop,False,None
Life Mastery Amulet,1,0,0,0,0,0,0,0,0,0,0,0,0,0,0,0,0,0,0,0,0,0,0,0,0,"Drop, Crowns",False,None
Malistaire's Forlorn Charm,1,0,0,0,0,0,0,0,0,0,0,0,0,0,0,0,0,0,0,0,0,0,0,0,0,Unavailable,False,None
Mythic Night Mire Amulet (Any Level),1,0,0,0,0,0,0,0,0,0,0,0,0,0,0,0,0,0,0,0,0,0,0,0,0,Crowns,False,None
Mythic Night Mire Amulet (Level 10+),10,0,0,0,0,0,0,0,0,0,0,0,0,0,0,0,0,0,0,0,0,0,0,0,0,Crowns,False,None
Nightshade's Choker,10,0,0,0,0,0,0,0,0,0,0,0,0,0,0,0,0,0,0,0,0,0,0,0,0,"Gold Vendor, Drop, Bazaar",False,None
Pendant of Fangs,1,0,0,0,0,0,0,0,0,0,0,0,0,0,0,0,0,0,0,0,0,0,0,0,0,"Gold Vendor, Bazaar, Fishing",False,None
Plucky Chameleon's Charm,1,0,0,0,0,0,0,0,0,0,0,0,0,0,0,0,0,0,0,0,0,0,0,0,0,Unavailable,False,None
Rotunda's Torc,5,0,0,0,0,0,0,0,0,0,0,0,0,0,0,0,0,0,0,0,0,0,0,0,0,"Gold Vendor, Drop, Bazaar",False,None
Storm Mastery Amulet,1,0,0,0,0,0,0,0,0,0,0,0,0,0,0,0,0,0,0,0,0,0,0,0,0,"Drop, Crowns",False,None
Storm Slitherer Gem,1,0,0,0,0,0,0,0,0,0,0,0,0,0,0,0,0,0,0,0,0,0,0,0,0,"Gold Vendor, Bazaar, Fishing",False,None
Swiftarrow's Necklace,10,0,0,0,0,0,0,0,0,0,0,0,0,0,0,0,0,0,0,0,0,0,0,0,0,"Gold Vendor, Drop, Bazaar",False,None
Swooping Necklace,5,0,0,0,0,0,0,0,0,0,0,0,0,0,0,0,0,0,0,0,0,0,0,0,0,"Gold Vendor, Drop, Bazaar",False,None
Troll Ear Pendant,10,0,0,0,0,0,0,0,0,0,0,0,0,0,0,0,0,0,0,0,0,0,0,0,0,"Gold Vendor, Drop, Bazaar",False,None
Wastelander's Furious Totem (Any Level),1,0,0,0,0,0,0,0,0,0,0,0,0,0,0,0,0,0,0,0,0,0,0,0,0,Crowns,False,None
Wastelander's Furious Totem (Level 10+),10,0,0,0,0,0,0,0,0,0,0,0,0,0,0,0,0,0,0,0,0,0,0,0,0,Crowns,False,None
