Name,Level,Health,Damage,Resist,Accuracy,Power Pip,Critical,Critical Block,Pierce,Stun Resist,Incoming,Outgoing,Pip Conserve,Shadow Pip,Archmastery,Unlocked Tear,Unlocked Circle,Unlocked Square,Unlocked Triangle,Locked Tear,Locked Circle,Locked Square,Locked Triangle,Source,Owned,Gear Set
Cute Fairy Kei Knife (Level 170+),170,1177,24,0,0,16,0,0,0,0,0,7,0,0,0,0,0,0,0,1,2,1,0,Crowns,False,None
Deft Dream Reaver Knife,170,1177,24,0,0,16,0,90,0,0,0,0,0,0,0,0,0,0,0,1,2,1,0,Drop,False,None
Xibalba Vacuum Athame (Level 170+),170,1177,24,0,0,16,0,0,0,0,0,7,0,0,0,0,0,0,0,1,2,1,0,Raid,False,None
Balanced August Sage Knife (Level 170+),170,1046,24,0,0,18,0,77,0,0,0,0,0,0,0,0,0,0,0,1,2,0,1,Gold Key/Gauntlet,False,None
Measured Chivalric Athame (Level 170+),170,1046,24,0,0,18,0,77,0,0,0,0,0,0,0,0,0,0,0,1,2,0,1,Gold Key/Gauntlet,False,None
Daemonic Dirk of Impossibility,170,0,24,0,0,18,0,77,0,0,0,8,0,0,0,0,0,0,0,1,2,0,1,Raid,False,None
Cute Fairy Kei Knife (Level 160+),160,1104,23,0,0,16,0,0,0,0,0,7,0,0,0,0,0,0,0,1,2,1,0,Crowns,False,None
Hunhau's Vacuum Athame (Level 170+),170,1177,22,0,0,18,0,90,0,0,0,0,0,0,0,0,0,0,0,1,2,0,1,Raid,False,None
Abstruse Aeon Athame,160,1104,22,0,0,16,0,80,0,0,0,0,0,0,0,0,0,0,0,1,2,0,1,Crafting,False,None
Abstract Aeon Athame,160,1104,22,0,0,16,0,80,0,0,0,0,0,0,0,0,0,0,0,1,2,0,1,Drop,False,None
Esoteric Aeon Athame,160,1104,22,0,0,16,0,80,0,0,0,0,0,0,0,0,0,0,0,1,2,0,1,Crafting,False,None
Xibalba Vacuum Athame (Level 160+),160,1104,22,0,0,16,0,80,0,0,0,0,0,0,0,0,0,0,0,1,2,0,1,Raid,False,None
Astute Archival Dirk (Level 170+),170,1046,22,0,0,0,0,128,0,0,0,8,0,0,0,0,0,0,0,1,2,1,0,Drop,False,None
Wastelander's Dusty Dirk (Level 170+),170,1046,22,0,0,20,0,0,0,0,0,6,0,0,0,0,0,0,0,1,2,0,1,Crowns,False,None
Nullity's Balanced Athame (Level 160+),160,736,22,0,0,18,0,91,0,0,0,0,0,0,0,0,0,0,0,1,2,0,1,Raid,False,None
Deft Dream Warper Knife,170,1046,21,0,0,14,0,77,0,0,0,0,0,0,0,0,0,0,0,1,2,1,0,Drop,False,None
Just Enforcer's Athame,165,1014,21,0,0,14,0,73,0,0,0,0,0,0,0,0,0,0,0,1,2,1,0,Drop,False,None
Burrower's Sorcery Athame (Level 160+),160,1226,20,0,0,16,0,0,0,0,0,0,0,0,0,0,0,0,0,1,2,0,1,Gold Key/Gauntlet,False,None
Hunhau's Vacuum Athame (Level 160+),160,1104,20,0,0,18,0,80,0,0,0,0,0,0,0,0,0,0,0,1,2,0,1,Raid,False,None
Deft Dream Stalker Knife,170,1046,20,0,0,18,0,0,0,0,0,10,0,0,0,0,0,0,0,1,1,1,1,Crafting,False,None
Cute Fairy Kei Knife (Level 150+),150,992,20,0,0,16,0,0,0,0,0,7,0,0,0,0,0,0,0,1,2,1,0,Crowns,False,None
Demiurge's Schemer Athame,150,992,20,0,0,16,0,74,0,0,0,0,0,0,0,0,0,0,0,1,2,0,1,Crafting,False,None
Merciless Balance Athame,150,992,20,0,0,16,0,74,0,0,0,0,0,0,0,1,0,0,0,0,2,0,1,Drop,False,None
Balanced Night Mire Athame (Level 160+),160,981,20,0,0,16,0,0,0,0,0,0,0,0,0,0,0,0,0,1,2,0,1,Gold Key/Gauntlet,False,None
Abstract Masterpiece Athame,160,981,20,0,0,13,0,68,0,0,0,0,0,0,0,0,0,0,0,1,2,0,1,Drop,False,None
Even Night Mire Athame,160,981,20,0,0,16,0,0,0,0,0,0,0,0,0,0,0,0,0,1,2,0,1,Crafting,False,None
Elegant City Dweller Athame,160,981,20,0,0,14,0,68,0,0,0,0,0,0,0,0,0,0,0,1,2,1,0,Drop,False,None
Unified Night Mire Athame,160,981,20,0,0,16,0,0,0,0,0,0,0,0,0,0,0,0,0,1,2,0,1,Crafting,False,None
Stable Skyfarer's Athame (Level 160+),160,981,20,0,0,20,0,68,0,0,0,7,0,0,0,0,0,0,0,1,2,0,1,Crowns,False,None
Nullity's Balanced Athame (Level 150+),150,662,20,0,0,18,0,84,0,0,0,0,0,0,0,0,0,0,0,1,2,0,1,Drop,False,None
Unreal Dirk of Impossibility,170,0,20,0,0,20,0,116,0,0,0,7,0,0,0,0,0,0,0,1,1,1,1,Raid,False,None
Cute Fairy Kei Knife (Level 140+),140,882,19,0,0,16,0,0,0,0,0,7,0,0,0,0,0,0,0,1,2,1,0,Crowns,False,None
Eternal Esoteric Athame,160,1226,18,0,0,18,0,0,0,0,0,0,0,0,0,0,0,0,0,1,2,0,1,Crafting,False,None
Eternal Abstract Athame,160,1226,18,0,0,18,0,0,0,0,0,0,0,0,0,0,0,0,0,1,2,0,1,Crafting,False,None
Eternal Abstruse Athame,160,1226,18,0,0,18,0,0,0,0,0,0,0,0,0,0,0,0,0,1,2,0,1,Crafting,False,None
Great Inventor's Balance Dirk (Level 160+),160,1226,18,0,0,18,0,0,0,0,0,0,0,0,0,0,0,0,0,1,2,0,1,Crowns,False,None
Burrower's Sorcery Athame (Level 150+),150,1102,18,0,0,16,0,0,0,0,0,0,0,0,0,0,0,0,0,1,2,0,1,Crowns,False,None
Malevolent Balance Athame,150,1084,18,0,0,0,0,138,0,0,0,6,0,0,0,1,0,0,0,0,2,0,0,Drop,False,None
Supreme Hex Athame,148,1006,18,0,0,0,0,0,0,0,0,4,0,0,0,0,1,0,0,0,1,0,1,Drop,False,None
Just Protector's Athame,165,887,18,0,0,12,0,61,0,0,0,0,0,0,0,0,0,0,0,1,2,0,0,Drop,False,None
Balanced Night Mire Athame (Level 150+),150,882,18,0,0,16,0,0,0,0,0,0,0,0,0,0,0,0,0,1,2,0,1,Crowns,False,None
Wastelander's Dusty Dirk (Level 150+),150,882,18,0,0,19,0,0,0,0,0,6,0,0,0,0,0,0,0,1,2,0,1,Crowns,False,None
Elegant Townie Athame,160,859,18,0,0,12,0,57,0,0,0,0,0,0,0,0,0,0,0,1,2,0,0,Drop,False,None
Nullity's Harmonic Athame,160,859,18,0,0,20,0,0,0,0,0,0,0,0,0,0,0,0,0,1,2,0,1,Raid,False,None
Nullity's Stable Athame,160,859,18,0,0,20,0,0,0,0,0,0,0,0,0,0,0,0,0,1,2,0,1,Raid,False,None
The Void's Harmonic Athame,160,859,18,0,0,20,0,0,0,0,0,0,0,0,0,0,0,0,0,1,2,0,1,Raid,False,None
The Void's Balanced Athame (Level 160+),160,859,18,0,0,20,0,102,0,0,0,7,0,0,0,0,0,0,0,1,2,0,1,Raid,False,None
The Void's Stable Athame,160,859,18,0,0,20,0,0,0,0,0,0,0,0,0,0,0,0,0,1,2,0,1,Raid,False,None
Magician's Balance Athame,150,1062,17,0,0,0,0,134,0,0,6,0,0,0,0,1,0,0,0,0,2,0,0,Drop,False,None
Delightful Dreamsearcher Knife,140,1016,17,0,0,0,0,131,0,0,0,5,0,0,0,1,0,0,0,0,2,0,1,Crafting,False,None
Uber Dreamsearcher Knife,140,1016,17,0,0,0,0,131,0,0,0,5,0,0,0,1,0,0,0,0,2,0,1,Drop,False,None
Hierarch's Hex Athame,145,950,17,0,0,0,0,0,0,0,0,4,0,0,0,0,1,0,0,0,0,0,1,Drop,False,None
Astute Archival Dirk (Level 140+),140,784,17,0,0,0,0,97,0,0,0,8,0,0,0,0,0,0,0,1,2,1,0,Crowns,False,None
Balanced Night Mire Athame (Level 140+),140,784,17,0,0,16,0,0,0,0,0,0,0,0,0,0,0,0,0,1,2,0,1,Crowns,False,None
Ghoulish Cerberus Master Dirk (Level 140+),140,784,17,0,0,16,0,0,0,0,0,0,0,0,0,0,0,0,0,1,2,0,1,Crowns,False,None
Stable Skyfarer's Athame (Level 140+),140,784,17,0,0,19,0,59,0,0,0,7,0,0,0,0,0,0,0,1,2,0,1,Crowns,False,None
Wastelander's Dusty Dirk (Level 140+),140,784,17,0,0,19,0,0,0,0,0,6,0,0,0,0,0,0,0,1,2,0,1,Crowns,False,None
Balanced August Sage Knife (Level 130+),130,687,17,0,0,17,0,47,0,0,0,0,0,0,0,0,0,0,0,1,2,0,1,Crowns,False,None
Athame of the Chosen One (Level 99+),99,370,17,0,0,17,0,17,0,0,0,17,0,0,0,1,1,0,0,0,1,0,1,Retired,False,None
Great Inventor's Balance Dirk (Level 150+),150,1102,16,0,0,18,0,0,0,0,0,0,0,0,0,0,0,0,0,1,2,0,1,Crowns,False,None
Supreme Stability Athame,148,1006,16,0,0,0,0,124,0,0,0,0,0,0,0,1,0,0,0,0,2,0,0,Drop,False,None
Supreme Teleological Athame,148,1006,16,0,0,0,0,124,0,0,0,0,0,0,0,1,0,0,0,0,1,0,1,Drop,False,None
Wunderbar Dreamsearcher Knife,140,986,16,0,0,0,0,129,0,0,0,5,0,0,0,1,0,0,0,0,2,0,0,Drop,False,None
Lemurian Hex Athame,142,894,16,0,0,0,0,0,0,0,0,4,0,0,0,0,1,0,0,0,0,0,0,Drop,False,None
Ghoulish Cerberus Master Dirk (Level 150+),150,882,16,0,0,11,0,0,0,0,0,0,0,0,0,0,0,0,0,1,2,0,1,Crowns,False,None
Scout Officer Knife,150,882,16,0,0,13,0,63,0,0,0,0,0,0,0,0,0,0,0,1,2,0,1,Drop,False,None
The Void's Balanced Athame (Level 150+),150,772,16,0,0,19,0,95,0,0,0,7,0,0,0,0,0,0,0,1,2,0,1,Drop,False,None
Executive Protective Knife,138,661,16,0,0,0,0,0,0,0,0,4,0,0,0,0,1,0,0,0,1,0,1,Drop,False,None
Athame of the Dark Usurper,100,372,16,0,2,16,0,18,0,0,15,0,0,0,0,1,1,0,0,0,1,0,1,Drop,False,None
Great Inventor's Balance Dirk (Level 140+),140,980,15,0,0,18,0,0,0,0,0,0,0,0,0,0,0,0,0,1,2,0,1,Crowns,False,None
Dragoon's Balanced Dagger,130,968,15,0,0,0,0,135,0,0,6,0,0,0,0,1,0,0,0,0,2,0,1,Drop,False,Dragoon's Balanced Set
Guten Dreamsearcher Knife,140,965,15,0,0,0,0,125,0,0,0,5,0,0,0,1,0,0,0,0,2,0,0,Drop,False,None
Hierarch's Stability Athame,145,950,15,0,0,0,0,118,0,0,0,0,0,0,0,1,0,0,0,0,1,0,0,Drop,False,None
Hierarch's Teleological Athame,145,950,15,0,0,0,0,118,0,0,0,0,0,0,0,1,0,0,0,0,0,0,1,Drop,False,None
Cute Fairy Kei Knife (Level 120+),120,663,15,0,0,14,0,0,0,0,0,7,0,0,0,0,0,0,0,1,2,1,0,Crowns,False,None
Chief's Protective Knife,135,624,15,0,0,0,0,0,0,0,0,4,0,0,0,0,1,0,0,0,0,0,1,Drop,False,None
Balanced August Sage Knife (Level 120+),120,589,15,0,0,16,0,37,0,0,0,0,0,0,0,0,0,0,0,1,2,0,1,Crowns,False,None
Blade of the Felled Titan,90,320,15,0,0,17,0,15,0,0,0,17,0,0,0,1,1,0,0,0,0,0,1,Drop,False,None
Supreme Old Judge Athame,148,1013,14,0,0,0,0,0,0,0,0,3,0,0,0,0,1,0,0,0,1,0,1,Drop,False,None
Vanguard's Balanced Dagger,130,946,14,0,0,0,0,133,0,0,5,0,0,0,0,1,0,0,0,0,2,0,0,Drop,False,None
Lemurian Teleological Athame,142,894,14,0,0,0,0,111,0,0,0,0,0,0,0,0,0,0,1,0,0,0,0,Drop,False,None
Lemurian Stability Athame,142,894,14,0,0,0,0,111,0,0,0,0,0,0,0,1,0,0,0,0,0,0,0,Drop,False,None
Regulation Scout Knife,150,771,14,0,0,11,0,53,0,0,0,0,0,0,0,0,0,0,0,1,2,0,0,Drop,False,None
Bodacious Kalamar Knife,127,765,14,0,0,0,0,0,0,0,0,5,0,0,0,1,0,0,0,0,0,0,0,Drop,False,None
Director Protective Knife,138,661,14,0,0,0,0,110,0,0,0,0,0,0,0,1,0,0,0,0,1,0,1,Drop,False,None
Producer's Protective Knife,138,661,14,0,0,0,0,110,0,0,0,0,0,0,0,1,0,0,0,0,2,0,0,Drop,False,None
Lead's Protective Knife,135,624,14,0,0,0,0,100,0,0,0,0,0,0,0,1,0,0,0,0,0,0,1,Drop,False,None
Supervisor Protective Knife,135,624,14,0,0,0,0,100,0,0,0,0,0,0,0,1,0,0,0,0,1,0,0,Drop,False,None
Consultant Protective Knife,132,587,14,0,0,0,0,0,0,0,0,4,0,0,0,0,1,0,0,0,0,0,0,Drop,False,None
Aphrodite's Barb of Veracity,100,284,14,0,0,10,0,0,0,0,0,0,0,0,0,0,2,0,0,1,0,0,1,Stone Key,False,None
Uber Candymancer Knife,140,1023,13,0,0,0,0,130,0,0,5,0,0,0,0,1,0,0,0,0,2,0,1,Drop,False,None
Hierarch's Old Judge Athame,145,956,13,0,0,0,0,0,0,0,0,3,0,0,0,0,1,0,0,0,0,0,1,Drop,False,None
Soldier's Balanced Dagger,130,914,13,0,0,0,0,130,0,0,4,0,0,0,0,1,0,0,0,0,2,0,0,Drop,False,None
Great Inventor's Balance Dirk (Level 130+),130,858,13,0,0,17,0,0,0,0,0,0,0,0,0,0,0,0,0,1,2,0,1,Crowns,False,None
Burrower's Sorcery Athame (Level 120+),120,736,13,0,0,14,0,0,0,0,0,0,0,0,0,0,0,0,0,1,2,0,1,Crowns,False,None
Interstellar Delegate's Knife,122,669,13,0,0,0,0,0,0,0,0,5,0,0,0,1,0,0,0,0,0,0,0,Drop,False,None
Balanced Night Mire Athame (Level 120+),120,589,13,0,0,14,0,0,0,0,0,0,0,0,0,0,0,0,0,1,2,0,1,Crowns,False,None
Stable Skyfarer's Athame (Level 120+),120,589,13,0,0,17,0,37,0,0,0,7,0,0,0,0,0,0,0,1,2,0,1,Crowns,False,None
Contractor Protective Knife,132,587,13,0,0,0,0,91,0,0,0,0,0,0,0,1,0,0,0,0,0,0,0,Drop,False,None
Specialist Protective Knife,132,587,13,0,0,0,0,91,0,0,0,0,0,0,0,0,0,0,1,0,0,0,0,Drop,False,None
Balanced August Sage Knife (Level 110+),110,492,13,0,0,16,0,35,0,0,0,0,0,0,0,0,0,0,0,1,2,0,1,Crowns,False,None
Supreme Ancient One Athame,148,1013,12,0,0,0,0,93,0,0,0,0,0,0,0,1,0,0,0,0,2,0,0,Drop,False,None
Supreme Founder's Athame,148,1013,12,0,0,0,0,93,0,0,0,0,0,0,0,1,0,0,0,0,1,0,1,Drop,False,None
Wunderbar Candymancer Knife,140,992,12,0,0,0,0,128,0,0,5,0,0,0,0,1,0,0,0,0,0,2,0,Drop,False,None
Guten Candymancer Knife,140,972,12,0,0,0,0,124,0,0,5,0,0,0,0,1,0,0,0,0,2,0,0,Drop,False,None
Lemurian Old Judge Athame,142,900,12,0,0,0,0,0,0,0,0,3,0,0,0,0,1,0,0,0,0,0,0,Drop,False,None
Amazing Crane Athame,140,813,12,0,0,0,0,97,0,0,0,0,0,0,0,0,0,0,1,0,0,0,0,Retired,False,None
Alphoi Saboteur Knife,130,813,12,0,0,0,0,103,0,0,6,0,0,0,0,1,0,0,0,0,2,0,0,Crafting,False,None
Balanced Paradox Dagger,130,813,12,0,0,0,0,103,0,0,6,0,0,0,0,1,0,0,0,0,2,0,0,Drop,False,None
Great Inventor's Balance Dirk (Level 120+),120,736,12,0,0,16,0,0,0,0,0,0,0,0,0,0,0,0,0,1,2,0,1,Crowns,False,None
Executive Hazmat Knife,138,646,12,0,0,0,0,0,0,0,0,3,0,0,0,0,1,0,0,0,1,0,1,Drop,False,None
Chief's Hazmat Knife,135,610,12,0,0,0,0,0,0,0,0,3,0,0,0,0,1,0,0,0,0,0,1,Drop,False,None
Balanced Liaison's Athame,130,587,12,0,0,0,0,83,0,0,0,0,0,0,0,0,0,0,1,0,0,0,0,Retired,False,None
Eerem Razor of Harmony,118,514,12,0,0,0,0,0,0,0,0,3,0,0,0,1,0,0,0,0,2,0,0,Drop,False,None
Sand Sea Dagger of Decorum,116,477,12,0,0,0,0,0,0,0,0,3,0,0,0,1,1,0,0,0,1,0,0,Drop,False,None
Hierarch's Ancient One Athame,145,956,11,0,0,0,0,88,0,0,0,0,0,0,0,1,0,0,0,0,1,0,0,Drop,False,None
Hierarch's Founder's Athame,145,956,11,0,0,0,0,88,0,0,0,0,0,0,0,1,0,0,0,0,0,0,1,Drop,False,None
Lemurian Founder's Athame,142,900,11,0,0,0,0,83,0,0,0,0,0,0,0,0,0,0,1,0,0,0,0,Drop,False,None
Lemurian Ancient One Athame,142,900,11,0,0,0,0,83,0,0,0,0,0,0,0,1,0,0,0,0,0,0,0,Drop,False,None
Immutable Zanadu Dagger,130,784,11,0,0,0,0,99,0,0,6,0,0,0,0,1,0,0,0,0,2,0,0,Drop,False,None
Director Hazmat Knife,138,646,11,0,0,0,0,82,0,0,0,0,0,0,0,1,0,0,0,0,1,0,1,Drop,False,None
Producer's Hazmat Knife,138,646,11,0,0,0,0,82,0,0,0,0,0,0,0,1,0,0,0,0,2,0,0,Drop,False,None
Burrower's Sorcery Athame (Level 110+),110,614,11,0,0,14,0,0,0,0,0,0,0,0,0,0,0,0,0,1,2,0,1,Crowns,False,None
Lead's Hazmat Knife,135,610,11,0,0,0,0,74,0,0,0,0,0,0,0,1,0,0,0,0,0,0,1,Drop,False,None
Supervisor Hazmat Knife,135,610,11,0,0,0,0,74,0,0,0,0,0,0,0,1,0,0,0,0,1,0,0,Drop,False,None
Consultant Hazmat Knife,132,574,11,0,0,0,0,0,0,0,0,3,0,0,0,0,1,0,0,0,0,0,0,Drop,False,None
Balanced Night Mire Athame (Level 110+),110,492,11,0,0,14,0,0,0,0,0,0,0,0,0,0,0,0,0,1,2,0,1,Crowns,False,None
Astute Archival Dirk (Level 110+),110,492,11,0,0,0,0,58,0,0,0,7,0,0,0,0,0,0,0,1,2,1,0,Crowns,False,None
Ghoulish Cerberus Master Dirk (Level 110+),110,492,11,0,0,14,0,0,0,0,0,0,0,0,0,0,0,0,0,1,2,0,1,Crowns,False,None
Stable Skyfarer's Athame (Level 110+),110,492,11,0,0,17,0,35,0,0,0,6,0,0,0,0,0,0,0,1,2,0,1,Crowns,False,None
Wastelander's Dusty Dirk (Level 110+),110,492,11,0,0,17,0,0,0,0,0,5,0,0,0,0,0,0,0,1,2,0,1,Crowns,False,None
Rubal Janbiya of Loyalty,114,440,11,0,0,0,0,0,0,0,0,2,0,0,0,1,0,0,0,0,1,0,0,Drop,False,None
Immaculate Djinn Khanjar,112,433,11,0,0,0,0,0,0,0,0,2,0,0,0,0,0,0,0,0,0,0,0,Drop,False,None
Claw of the Bone Dragon,100,334,11,0,2,12,0,0,0,0,11,0,0,0,0,1,0,0,0,0,2,0,0,Drop,False,None
King Alric's Royal Athame,98,250,11,0,0,16,0,11,0,0,0,17,0,0,0,0,1,0,0,1,0,0,0,Drop,False,None
Cabal Dagger of Disruption,125,765,10,0,0,0,0,87,0,0,0,5,0,0,0,1,0,0,0,0,2,0,0,Drop,False,None
Great Inventor's Balance Dirk (Level 110+),110,614,10,0,0,16,0,0,0,0,0,0,0,0,0,0,0,0,0,1,2,0,1,Crowns,False,None
Contractor Hazmat Knife,132,574,10,0,0,0,0,68,0,0,0,0,0,0,0,1,0,0,0,0,0,0,0,Drop,False,None
Specialist Hazmat Knife,132,574,10,0,0,0,0,68,0,0,0,0,0,0,0,0,0,0,1,0,0,0,0,Drop,False,None
Athame of the Chosen One,100,443,10,0,0,14,0,39,0,0,0,0,0,0,0,0,0,0,0,1,2,0,1,Drop,False,None
Ghoulish Cerberus Master Dirk (Level 120+),120,440,10,0,0,11,0,0,0,0,0,0,0,0,0,0,0,0,0,1,2,0,1,Crowns,False,None
Arcanum Sorcerer's Dagger,108,426,10,0,0,0,0,0,0,0,0,2,0,0,0,1,0,0,0,0,2,0,0,Drop,False,None
Cute Fairy Kei Knife (Level 90+),90,395,10,0,0,13,0,0,0,0,0,6,0,0,0,0,0,0,0,1,2,1,0,Crowns,False,None
Royal Guard's Honed Razor,95,340,10,0,0,10,0,0,0,0,0,0,0,0,0,1,0,0,0,0,2,0,1,Gold Vendor,False,None
Tetrus Khanjar of Fusion,120,697,9,0,0,0,0,80,0,0,5,0,0,0,0,1,1,0,0,0,1,0,1,Drop,False,None
Burrower's Sorcery Athame (Level 100+),100,492,9,0,0,14,0,0,0,0,0,0,0,0,0,0,0,0,0,1,2,0,1,Gold Key/Gauntlet,False,None
Burrower's Sorcery Athame (Level 90+),90,438,9,0,0,13,0,0,0,0,0,0,0,0,0,0,0,0,0,1,2,0,1,Crowns,False,None
Elder's Razor of Caution,98,432,9,0,0,15,0,0,3,0,10,0,0,0,0,1,1,0,0,0,1,0,1,Crafting,False,None
Enchanter's Knife of Poise,106,395,9,0,0,0,0,0,0,0,0,2,0,0,0,1,1,0,0,0,1,0,0,Drop,False,None
Astute Archival Dirk (Level 100+),100,394,9,0,0,0,0,55,0,0,0,7,0,0,0,0,0,0,0,1,2,1,0,Gold Key/Gauntlet,False,None
Balanced Night Mire Athame (Level 100+),100,394,9,0,0,14,0,0,0,0,0,0,0,0,0,0,0,0,0,1,2,0,1,Gold Key/Gauntlet,False,None
Kris of the Chosen One,100,394,9,0,0,12,0,33,0,0,0,0,0,0,0,0,0,0,0,1,2,0,1,Drop,False,None
Wastelander's Dusty Dirk (Level 100+),100,394,9,0,0,17,0,0,0,0,0,5,0,0,0,0,0,0,0,1,2,0,1,Crowns,False,None
Stable Skyfarer's Athame (Level 100+),100,394,9,0,0,17,0,33,0,0,0,6,0,0,0,0,0,0,0,1,2,0,1,Crowns,False,None
Burrower's Sorcery Athame (Level 80+),80,384,9,0,0,12,0,0,0,0,0,0,0,0,0,0,0,0,0,1,2,0,1,Crowns,False,None
Astute Archival Dirk (Level 90+),90,351,9,0,0,0,0,51,0,0,0,7,0,0,0,0,0,0,0,1,2,1,0,Crowns,False,None
Balanced Night Mire Athame (Level 90+),90,351,9,0,0,13,0,0,0,0,0,0,0,0,0,0,0,0,0,1,2,0,1,Crowns,False,None
Stable Skyfarer's Athame (Level 90+),90,351,9,0,0,16,0,31,0,0,0,6,0,0,0,0,0,0,0,1,2,0,1,Crowns,False,None
Wastelander's Dusty Dirk (Level 90+),90,351,9,0,0,16,0,0,0,0,0,5,0,0,0,0,0,0,0,1,2,0,1,Crowns,False,None
Balanced Night Mire Athame (Level 80+),80,308,9,0,0,12,0,0,0,0,0,0,0,0,0,0,0,0,0,1,2,0,1,Crowns,False,None
Ghoulish Cerberus Master Dirk (Level 80+),80,308,9,0,0,12,0,0,0,0,0,0,0,0,0,0,0,0,0,1,2,0,1,Crowns,False,None
Stable Skyfarer's Athame (Level 80+),80,308,9,0,0,15,0,26,0,0,0,5,0,0,0,0,0,0,0,1,2,0,1,Crowns,False,None
Wastelander's Dusty Dirk (Level 80+),80,308,9,0,0,15,0,0,0,0,0,5,0,0,0,0,0,0,0,1,2,0,1,Crowns,False,None
Storm Caiman's Cruel Fang,88,240,9,0,0,16,0,11,0,0,0,16,0,0,0,1,0,0,0,0,1,0,1,Drop,False,None
Luphilim's Valiant Spike,110,578,8,0,0,0,0,82,0,0,0,0,0,0,0,1,1,0,0,0,1,0,1,Stone Key,False,None
Vissarovich's Kris of Justice,110,547,8,0,0,0,0,102,0,0,0,0,0,0,0,1,1,0,0,0,1,0,1,Drop,False,None
Steady Arcanum Exile Dagger,110,517,8,0,0,0,0,100,0,0,0,0,0,0,0,1,1,0,0,0,0,0,0,Drop,False,None
Great Inventor's Balance Dirk (Level 100+),100,492,8,0,0,16,0,0,0,0,0,0,0,0,0,0,0,0,0,1,2,0,1,Crowns,False,None
Great Inventor's Balance Dirk (Level 90+),90,438,8,0,0,15,0,0,0,0,0,0,0,0,0,0,0,0,0,1,2,0,1,Crowns,False,None
Troika Dagger of Harmony,96,400,8,0,0,14,0,0,2,0,10,0,0,0,0,1,1,0,0,0,1,0,1,Crafting,False,None
Great Inventor's Balance Dirk (Level 80+),80,384,8,0,0,14,0,0,0,0,0,0,0,0,0,0,0,0,0,1,2,0,1,Crowns,False,None
Evoker's Gallant Stylet,104,365,8,0,0,0,0,0,0,0,0,2,0,0,0,1,0,0,0,0,1,0,0,Gold Vendor,False,None
Razor of Symmetry,66,335,8,0,0,8,0,0,0,0,0,0,0,0,0,1,0,0,0,0,1,0,1,Drop,False,None
Savannah Hunter's Claw,66,335,8,0,0,0,0,0,0,0,10,0,0,0,0,1,0,0,0,0,2,0,0,Drop,False,None
Burrower's Sorcery Athame (Level 70+),70,330,8,0,0,12,0,0,0,0,0,0,0,0,0,0,0,0,0,1,2,0,1,Crowns,False,None
Besieged Burrower's Knife,92,325,8,0,0,11,0,0,0,0,0,0,0,0,0,1,0,0,0,0,1,0,0,Drop,False,None
Jazzon's Vigilant Edge,90,295,8,0,0,10,0,0,0,0,0,0,0,0,0,1,1,0,0,0,1,0,0,Gold Vendor,False,None
Balanced Night Mire Athame (Level 70+),70,264,8,0,0,12,0,0,0,0,0,0,0,0,0,0,0,0,0,1,2,0,1,Crowns,False,None
Stable Skyfarer's Athame (Level 70+),70,264,8,0,0,15,0,21,0,0,0,5,0,0,0,0,0,0,0,1,2,0,1,Crowns,False,None
Cute Fairy Kei Knife (Level 60+),60,249,8,0,0,12,0,0,0,0,0,5,0,0,0,0,0,0,0,1,2,1,0,Crowns,False,None
Dragonspyre Dragoon's Dagger,130,974,7,0,0,0,0,109,0,0,5,0,0,0,0,1,0,0,0,0,2,0,1,Crafting,False,Dragonspyre Dragoon's Set
Choice Kalamar Knife,127,744,7,0,0,0,0,0,0,0,0,3,0,0,0,1,0,0,0,0,0,0,0,Drop,False,None
Baba Yaga's Edge of Veracity,105,486,7,0,0,0,0,74,0,0,3,0,0,0,0,1,1,0,0,0,1,0,1,Drop,False,None
Gallant Kris of Horizon Hold,110,486,7,0,0,0,0,98,0,0,0,0,0,0,0,1,0,0,0,0,0,0,1,Drop,False,None
Mage's Blade of Aplomb,102,334,7,0,0,0,0,0,0,0,0,2,0,0,0,1,0,0,0,0,0,0,0,Drop,False,None
Great Inventor's Balance Dirk (Level 70+),70,330,7,0,0,14,0,0,0,0,0,0,0,0,0,0,0,0,0,1,2,0,1,Crowns,False,None
Ghoulish Cerberus Master Dirk (Level 90+),90,301,7,0,0,10,0,0,0,0,0,0,0,0,0,0,0,0,0,1,2,0,1,Crowns,False,None
Zero Hour Eagle Talon,82,300,7,0,0,10,0,0,0,0,0,0,0,0,0,0,0,0,0,0,1,0,1,Drop,False,None
Bear's Claw of Balance,56,288,7,0,0,11,0,5,0,0,0,0,0,0,0,1,1,0,0,0,1,0,1,Drop,False,None
Aphroditeâ€™s Stinging Nettle,100,284,7,0,0,10,0,0,0,0,0,0,0,0,0,0,2,0,0,1,0,0,1,Stone Key,False,None
Burrower's Sorcery Athame (Level 60+),60,276,7,0,0,12,0,0,0,0,0,0,0,0,0,0,0,0,0,1,2,0,1,Crowns,False,None
Greenstone Edge,80,265,7,0,0,10,0,0,0,0,0,0,0,0,0,0,0,0,0,0,1,0,0,Gold Vendor,False,None
Juju Thorn,60,260,7,0,0,5,0,0,0,0,0,0,0,0,0,0,0,0,0,1,1,0,1,Gold Vendor,False,None
Lexicon Blade,60,250,7,0,0,15,0,8,0,0,0,15,0,0,0,1,0,0,0,0,1,0,1,Drop,False,None
Gloom Dancer's Talon,94,245,7,0,0,10,0,0,0,0,12,0,0,0,0,1,0,0,0,0,2,0,0,Drop,False,None
Balanced Night Mire Athame (Level 60+),60,221,7,0,0,12,0,0,0,0,0,0,0,0,0,0,0,0,0,1,2,0,1,Crowns,False,None
Ghoulish Cerberus Master Dirk (Level 60+),60,221,7,0,0,12,0,0,0,0,0,0,0,0,0,0,0,0,0,1,2,0,1,Crowns,False,None
Stable Skyfarer's Athame (Level 60+),60,221,7,0,0,15,0,18,0,0,0,5,0,0,0,0,0,0,0,1,2,0,1,Crowns,False,None
Wastelander's Dusty Dirk (Level 60+),60,221,7,0,0,15,0,0,0,0,0,4,0,0,0,0,0,0,0,1,2,0,1,Crowns,False,None
Olyphant's Storied Scimitar,66,200,7,0,0,13,0,9,0,0,24,0,0,0,0,0,1,0,0,0,0,0,1,Crafting,False,None
Lion King's Razor Claw,66,140,7,0,0,13,0,9,0,0,24,0,0,0,0,0,1,0,0,0,0,0,1,Crafting,False,None
Zamunda's Striped Spear,66,75,7,0,0,13,0,9,0,0,24,0,0,0,0,0,1,0,0,0,0,0,1,Crafting,False,None
Dragonspyre Vanguard's Dagger,130,952,6,0,0,0,0,107,0,0,4,0,0,0,0,1,0,0,0,0,2,0,0,Drop,False,None
Alphoi Brigadier Knife,130,791,6,0,0,0,0,72,0,0,5,0,0,0,0,1,0,0,0,0,2,0,0,Crafting,False,None
Divine Paradox Dagger,130,791,6,0,0,0,0,72,0,0,5,0,0,0,0,1,0,0,0,0,2,0,0,Drop,False,None
Interstellar Officer's Knife,122,651,6,0,0,0,0,0,0,0,0,3,0,0,0,1,0,0,0,0,0,0,0,Drop,False,None
Herald of Darkmoor's Knife,100,301,6,0,0,8,0,0,0,0,7,0,0,0,0,1,0,0,0,0,1,0,0,Drop,False,None
Athame of Burning Justice,60,288,6,0,0,4,0,0,0,0,12,0,0,0,0,1,1,0,0,0,1,0,1,Stone Key,False,None
Great Inventor's Balance Dirk (Level 60+),60,276,6,0,0,14,0,0,0,0,0,0,0,0,0,0,0,0,0,1,2,0,1,Crowns,False,None
Horned One's Iron,72,268,6,0,0,9,0,0,0,0,0,0,0,0,0,0,1,0,0,1,0,0,1,Drop,False,None
Golden Eagle's Razor Beak,86,265,6,0,0,14,0,14,0,0,25,0,0,0,0,1,0,0,0,0,2,0,1,Crafting,False,None
Blessed Blade of Virtue,70,247,6,0,0,8,0,0,0,0,0,0,0,0,0,0,0,0,0,1,2,0,1,Gold Vendor,False,None
Astute Archival Dirk (Level 50+),50,246,6,0,0,0,0,0,0,0,0,5,0,0,0,0,0,0,0,1,2,1,0,Gold Key/Gauntlet,False,None
Balanced Night Mire Athame (Level 50+),50,246,6,0,0,12,0,0,0,0,0,0,0,0,0,0,0,0,0,1,2,0,1,Gold Key/Gauntlet,False,None
Burrower's Sorcery Athame (Level 50+),50,246,6,0,0,12,0,0,0,0,0,0,0,0,0,0,0,0,0,1,2,0,1,Gold Key/Gauntlet,False,None
Ghoulish Cerberus Master Dirk (Level 50+),50,246,6,0,0,12,0,0,0,0,0,0,0,0,0,0,0,0,0,1,2,0,1,Crowns,False,None
Courtly Dirk,76,245,6,0,0,14,0,11,0,0,25,0,0,0,0,0,1,0,0,0,0,0,1,Crafting,False,None
Gurtok Scaleblade,50,222,6,0,0,12,0,0,0,0,0,0,0,0,0,0,0,0,0,1,2,0,1,Drop,False,None
Thunder Horn's Rough Cutter,84,215,6,0,0,10,0,0,0,0,11,0,0,0,0,1,0,0,0,0,1,0,1,Drop,False,None
Raven's Citrine Talon,50,200,6,0,0,9,0,0,0,0,0,0,0,0,0,1,0,0,0,0,1,0,1,Gold Vendor,False,None
Garnet Bear Claw,56,200,6,0,0,15,0,8,0,0,8,8,0,0,0,0,0,0,0,1,1,0,1,Crafting,False,None
Zero Cat's Passionate Blade,86,200,6,0,0,14,0,14,0,0,25,0,0,0,0,1,0,0,0,0,2,0,1,Crafting,False,None
Topaz Bear Claw,56,198,6,0,0,10,0,8,0,0,11,15,0,0,0,0,0,0,0,1,1,0,1,Crafting,False,None
Gurtok Spell Knife,50,197,6,0,0,11,0,0,0,0,0,0,0,0,0,0,0,0,0,1,2,0,1,Drop,False,None
Wastelander's Dusty Dirk (Level 50+),50,197,6,0,0,15,0,0,0,0,0,0,0,0,0,0,0,0,0,1,2,0,1,Crowns,False,None
Savage Hunter's Edge,74,192,6,0,0,10,0,0,0,0,10,0,0,0,0,1,0,0,0,0,1,0,1,Drop,False,None
Horn-Handled Knife,76,190,6,0,0,14,0,11,0,0,25,0,0,0,0,0,1,0,0,0,0,0,1,Crafting,False,None
Green Edge of Midnight Moon,86,135,6,0,0,14,0,14,0,0,25,0,0,0,0,1,0,0,0,0,2,0,1,Crafting,False,None
Knight's Blade,76,125,6,0,0,14,0,11,0,0,25,0,0,0,0,0,1,0,0,0,0,0,1,Crafting,False,None
Stable Skyfarer's Athame (Level 50+),50,0,6,0,0,15,0,0,0,0,0,5,0,0,0,0,0,0,0,1,2,0,1,Crowns,False,None
Dragonspyre Soldier's Dagger,130,920,5,0,0,0,0,104,0,0,3,0,0,0,0,1,0,0,0,0,2,0,0,Drop,False,None
Hopeful Zanadu Dagger,130,763,5,0,0,0,0,69,0,0,4,0,0,0,0,1,0,0,0,0,2,0,0,Drop,False,None
Eerem Courtier's Razor,118,503,5,0,0,0,0,0,0,0,0,4,0,0,0,1,0,0,0,0,2,0,0,Gold Vendor,False,None
Sand Sea Wanderer's Dagger,116,467,5,0,0,0,0,0,0,0,0,4,0,0,0,1,1,0,0,0,1,0,0,Gold Vendor,False,None
Gorilla's Fang,64,290,5,0,0,6,0,0,0,0,0,0,0,0,0,1,0,0,0,0,2,0,0,Drop,False,None
Hall of Justice Shortblade,60,241,5,0,0,0,0,0,0,0,8,0,0,0,0,1,0,0,0,0,2,0,0,Drop,False,None
Astute Archival Dirk (Level 40+),40,215,5,0,0,0,0,0,0,0,0,5,0,0,0,0,0,0,0,1,2,1,0,Crowns,False,None
Burrower's Sorcery Athame (Level 40+),40,215,5,0,0,8,0,0,0,0,0,0,0,0,0,0,0,0,0,1,2,0,1,Crowns,False,None
Balanced Night Mire Athame (Level 40+),40,215,5,0,0,8,0,0,0,0,0,0,0,0,0,0,0,0,0,1,2,0,1,Crowns,False,None
Ghoulish Cerberus Master Dirk (Level 40+),40,215,5,0,0,6,0,0,0,0,0,0,0,0,0,0,0,0,0,1,2,0,1,Crowns,False,None
Wastelander's Dusty Dirk (Level 40+),40,172,5,0,0,10,0,0,0,0,0,0,0,0,0,0,0,0,0,1,2,0,1,Crowns,False,None
Cute Fairy Kei Knife (Level 30+),30,135,5,0,0,8,0,0,0,0,0,0,0,0,0,0,0,0,0,1,2,1,0,Crowns,False,None
Emerald Bear Claw,56,117,5,0,0,6,0,8,0,0,25,8,0,0,0,0,0,0,0,1,1,0,1,Crafting,False,None
Khanjar of Tetrus Prison,120,681,4,0,0,0,0,54,0,0,4,0,0,0,0,1,1,0,0,0,1,0,1,Drop,False,None
Luphilim's Eternal Spike,110,562,4,0,0,0,0,67,0,0,0,0,0,0,0,1,1,0,0,0,1,0,1,Stone Key,False,None
Rasputin's Dirk of Duplicity,110,532,4,0,0,0,0,84,0,0,0,0,0,0,0,1,1,0,0,0,1,0,1,Drop,False,None
Razor of the Arcanum Exile,110,503,4,0,0,0,0,82,0,0,0,0,0,0,0,1,1,0,0,0,0,0,1,Drop,False,None
Janbiya of the Rubal Wastes,114,431,4,0,0,0,0,0,0,0,0,3,0,0,0,1,0,0,0,0,1,0,0,Gold Vendor,False,None
House Djinni's Khanjar,112,424,4,0,0,0,0,0,0,0,0,3,0,0,0,1,0,0,0,0,0,0,0,Gold Vendor,False,None
Chiseled Arcanum Dagger,108,414,4,0,0,0,0,0,0,0,0,3,0,0,0,1,0,0,0,0,2,0,0,Drop,False,None
Enchanter's New Horizon Razor,106,385,4,0,0,0,0,0,0,0,0,3,0,0,0,1,1,0,0,0,1,0,0,Drop,False,None
Revenant's Edge of Strife,96,355,4,0,0,16,0,0,0,0,0,0,0,0,0,1,1,0,0,0,0,0,1,Drop,False,None
Claw of the Spirit Wolf,58,212,4,0,0,15,0,0,0,0,0,12,0,0,0,0,1,0,0,1,1,0,1,Drop,False,None
Blade of Anubis' Verdict,60,203,4,0,0,0,0,0,0,0,0,0,0,0,0,1,0,0,0,0,1,0,0,Drop,False,None
Wolf's Bronze Claw,52,190,4,0,0,14,0,0,0,0,0,0,0,0,0,1,2,0,0,0,0,0,1,Drop,False,None
Wolf's Jade Claw,52,185,4,0,0,0,0,0,0,0,23,0,0,0,0,1,2,0,0,0,0,0,1,Drop,False,None
Astute Archival Dirk (Level 30+),30,150,4,0,0,0,0,0,0,0,0,4,0,0,0,0,0,0,0,1,2,1,0,Crowns,False,None
Balanced Night Mire Athame (Level 30+),30,150,4,0,0,8,0,0,0,0,0,0,0,0,0,0,0,0,0,1,2,0,1,Crowns,False,None
Burrower's Sorcery Athame (Level 30+),30,150,4,0,0,8,0,0,0,0,0,0,0,0,0,0,0,0,0,1,2,0,1,Crowns,False,None
Wastelander's Dusty Dirk (Level 30+),30,120,4,0,0,9,0,0,0,0,0,0,0,0,0,0,0,0,0,1,2,0,1,Crowns,False,None
Stable Skyfarer's Athame (Level 30+),30,0,4,0,0,9,0,0,0,0,0,4,0,0,0,0,0,0,0,1,2,0,1,Crowns,False,None
Ancient Dirk of Horizon Hold,110,473,3,0,0,0,0,80,0,0,0,0,0,0,0,1,0,0,0,0,0,0,1,Drop,False,None
Dagger of the Veiled Vale,105,473,3,0,0,0,0,69,0,0,2,0,0,0,0,1,1,0,0,0,1,0,1,Drop,False,None
Dagger of the King's Court,76,366,3,0,0,14,0,0,0,0,0,0,0,0,0,1,0,0,0,0,1,0,1,Drop,False,None
Polarian Evoker's Scalpel,104,355,3,0,0,0,0,0,0,0,0,2,0,0,0,1,0,0,0,0,1,0,0,Gold Vendor,False,None
Kronosaur's Grim Cutter,86,330,3,0,0,15,0,0,0,0,0,0,0,0,0,1,0,0,0,0,1,0,1,Drop,False,None
Mage's Roughhewn Dagger,102,326,3,0,0,0,0,0,0,0,0,2,0,0,0,1,0,0,0,0,0,0,0,Drop,False,None
Wolf's Ruby Claw,54,0,3,0,0,13,0,0,0,0,15,11,0,0,0,1,0,0,0,0,2,0,0,Drop,False,None
Wolf's Silver Claw,54,0,3,0,0,15,0,5,0,0,18,0,0,0,0,1,0,0,0,0,2,0,0,Drop,False,None
Heartsteel,5,45,0,5,0,0,0,0,0,0,0,0,0,0,0,0,0,0,0,0,0,0,0,Drop,False,None
Eerem Razor of Ability,118,543,0,0,0,0,0,91,0,0,0,4,0,0,0,1,0,0,0,0,1,0,1,Drop,False,None
Razor of Eerem Palace,118,531,0,0,0,0,0,77,0,0,0,3,0,0,0,1,0,0,0,0,1,0,1,Gold Vendor,False,None
Istanboa Khanjar of Scruples,118,528,0,0,0,0,0,91,0,0,0,0,0,0,0,0,1,0,0,0,1,0,1,Drop,False,None
Hopper's Claw of Verglas,98,520,0,0,0,15,0,0,2,0,10,0,0,0,0,1,1,0,0,0,1,0,1,Crafting,False,None
Khanjar of Mighty Istanboa,118,516,0,0,0,0,0,77,0,0,0,0,0,0,0,0,1,0,0,0,1,0,1,Gold Vendor,False,None
Sand Sea Dagger of Accord,116,506,0,0,0,0,0,90,0,0,0,4,0,0,0,1,1,0,0,0,0,0,1,Drop,False,None
Frozen Mandibles of Sardonyx,96,495,0,0,0,14,0,0,1,0,10,0,0,0,0,1,1,0,0,0,1,0,1,Crafting,False,None
Dagger of the Sand Sea,116,495,0,0,0,0,0,76,0,0,0,3,0,0,0,1,1,0,0,0,0,0,1,Gold Vendor,False,None
Kobra Janbiya of Amity,116,492,0,0,0,0,0,90,0,0,0,0,0,0,0,0,2,0,0,0,0,0,1,Drop,False,None
Kobra Mercenary's Janbiya,116,481,0,0,0,0,0,76,0,0,0,0,0,0,0,0,2,0,0,0,0,0,1,Gold Vendor,False,None
Rubal Janbiya of Competence,114,470,0,0,0,0,0,90,0,0,0,3,0,0,0,1,0,0,0,0,0,0,1,Drop,False,None
Burnished Rubal Janbiya,114,459,0,0,0,0,0,76,0,0,0,2,0,0,0,1,0,0,0,0,0,0,1,Gold Vendor,False,None
Djinn Khanjar of Justice,112,455,0,0,0,0,0,89,0,0,0,3,0,0,0,1,0,0,0,0,0,0,0,Drop,False,None
Viper Edge of Splendor,114,455,0,0,0,0,0,90,0,0,0,0,0,0,0,0,1,0,0,0,0,0,1,Drop,False,None
Kataba Stiletto of Destiny,108,450,0,0,0,0,0,89,0,0,0,3,0,0,0,1,0,0,0,0,1,0,1,Drop,False,None
Fang Dirk of Honor,112,448,0,0,0,0,0,89,0,0,0,0,0,0,0,0,1,0,0,0,0,0,0,Drop,False,None
Dunes Djinni's Khanjar,112,445,0,0,0,0,0,76,0,0,0,2,0,0,0,1,0,0,0,0,0,0,0,Gold Vendor,False,None
Polished Viper Edge,114,445,0,0,0,0,0,76,0,0,0,0,0,0,0,0,1,0,0,0,0,0,1,Gold Vendor,False,None
Battletested Fang Dirk,112,438,0,0,0,0,0,76,0,0,0,0,0,0,0,0,1,0,0,0,0,0,0,Gold Vendor,False,None
Kataba Iceblock Smallblade,108,438,0,0,0,0,0,76,0,0,0,2,0,0,0,1,0,0,0,0,1,0,1,Drop,False,None
Sandstone Claw of Vitality,98,432,0,0,0,15,0,0,3,0,10,0,0,0,0,1,1,0,0,0,1,0,1,Crafting,False,None
Imperial Walrusk Dagger,108,426,0,0,0,0,0,76,0,0,0,0,0,0,0,0,1,0,0,0,1,0,1,Drop,False,None
Tayg Chisel of Leveling,106,420,0,0,0,0,0,86,0,0,0,3,0,0,0,1,1,0,0,0,0,0,1,Drop,False,None
Athame of the Forlorn Tayg,106,408,0,0,0,0,0,74,0,0,0,2,0,0,0,1,1,0,0,0,0,0,1,Drop,False,None
Tundarian Bodkin of Fusion,106,407,0,0,0,0,0,86,0,0,0,0,0,0,0,0,2,0,0,0,0,0,1,Gold Vendor,False,None
SkyScreamer's Cutter,92,405,0,0,0,10,0,0,0,0,0,0,0,0,0,1,0,0,0,0,1,0,0,Drop,False,None
Mantis Slicer of Assurance,96,400,0,0,0,14,0,0,2,0,10,0,0,0,0,1,1,0,0,0,1,0,1,Crafting,False,None
Hopper's Edge of Extinction,98,398,0,0,0,15,0,0,3,0,10,0,0,0,0,1,1,0,0,0,1,0,1,Crafting,False,None
Tundarian Enforcer's Kris,106,396,0,0,0,0,0,74,0,0,0,0,0,0,0,0,2,0,0,0,0,0,1,Gold Vendor,False,None
Noble Bleaks Lancelet,104,389,0,0,0,0,0,84,0,0,0,2,0,0,0,1,0,0,0,0,0,0,1,Drop,False,None
Noble Bleaks Lancet,104,389,0,0,0,0,0,84,0,0,0,2,0,0,0,1,0,0,0,0,0,0,1,Drop,False,None
Cut Rock Dagger,82,380,0,0,0,9,0,0,0,0,0,0,0,0,0,0,0,0,0,0,1,0,1,Drop,False,None
Shortblade of the Bleaks,104,379,0,0,0,0,0,72,0,0,0,2,0,0,0,1,0,0,0,0,0,0,1,Drop,False,None
Kossack Athame of Redress,104,377,0,0,0,0,0,84,0,0,0,0,0,0,0,0,1,0,0,0,0,0,1,Drop,False,None
Blade of the PhantomKnight,96,375,0,0,0,14,0,0,2,0,10,0,0,0,0,1,1,0,0,0,1,0,1,Crafting,False,None
Polarian Kossack Shortblade,104,367,0,0,0,0,0,72,0,0,0,0,0,0,0,0,1,0,0,0,0,0,1,Drop,False,None
Athame of the BlazingWind,98,364,0,0,0,15,0,0,4,0,10,0,0,0,0,1,1,0,0,0,1,0,1,Crafting,False,None
Elder's Deep-Desert Athame,98,364,0,0,0,15,0,0,4,0,10,0,0,0,0,1,1,0,0,0,1,0,1,Crafting,False,None
Mantis Thorn of Deception,96,360,0,0,0,14,0,0,3,0,10,0,0,0,0,1,1,0,0,0,1,0,1,Crafting,False,None
Burrower Claw of Unrest,92,360,0,0,0,10,0,0,0,0,0,0,0,0,0,1,0,0,0,0,1,0,0,Drop,False,None
Mouse Knight's Shortsword,92,360,0,0,0,10,0,0,0,0,0,0,0,0,0,1,0,0,0,0,1,0,0,Drop,False,None
Tundra Dirk of Loyalty,102,359,0,0,0,0,0,81,0,0,0,2,0,0,0,1,0,0,0,0,0,0,0,Gold Vendor,False,None
Badger's Claw,72,349,0,0,0,8,0,0,0,0,0,0,0,0,0,0,1,0,0,1,0,0,1,Drop,False,None
Polarian Tundra Razor,102,349,0,0,0,0,0,69,0,0,0,2,0,0,0,1,0,0,0,0,0,0,0,Gold Vendor,False,None
Urville Spike of Honor,102,347,0,0,0,0,0,81,0,0,0,0,0,0,0,0,1,0,0,0,0,0,0,Drop,False,None
Cinder Mandibles of Sardonyx,96,340,0,0,0,14,0,0,3,0,10,0,0,0,0,1,1,0,0,0,1,0,1,Crafting,False,None
Snake Ink Fang,82,340,0,0,0,9,0,0,0,0,0,0,0,0,0,0,0,0,0,0,1,0,1,Drop,False,None
Frigid Maw Shortblade,102,337,0,0,0,0,0,69,0,0,0,0,0,0,0,0,1,0,0,0,0,0,0,Drop,False,None
Smoking Frog Cutter,82,335,0,0,0,9,0,0,0,0,0,0,0,0,0,0,0,0,0,0,1,0,1,Drop,False,None
Apidae Defender's Dagger,94,333,0,0,0,10,0,0,0,0,11,0,0,0,0,1,0,0,0,0,2,0,0,Drop,False,None
Royal Guard's Shortblade,92,330,0,0,0,10,0,0,0,0,0,0,0,0,0,1,0,0,0,0,1,0,0,Drop,False,None
Sky Terror's Ghastly Razor,92,325,0,0,0,11,0,0,0,0,0,0,0,0,0,1,0,0,0,0,1,0,0,Drop,False,None
Stiletto of the Vespula,92,325,0,0,0,11,0,0,0,0,0,0,0,0,0,1,0,0,0,0,1,0,0,Drop,False,None
King Acampi's Cruel Fang,86,320,0,0,0,15,0,0,0,0,11,0,0,0,0,1,0,0,0,0,2,0,0,Drop,False,None
The Old Tusk-Tusk-Trunk,68,320,0,0,0,0,0,0,0,0,24,0,0,0,0,0,1,0,0,1,0,0,0,Drop,False,None
Queen's Ever Sharp Wit,76,319,0,0,0,14,0,0,0,0,10,0,0,0,0,1,1,0,0,0,0,0,1,Drop,False,None
Kimba's Fang,68,310,0,0,0,20,0,0,0,0,0,0,0,0,0,0,1,0,0,1,0,0,1,Drop,False,None
Steel of the Wild Hunt,72,308,0,0,0,8,0,0,0,0,0,0,0,0,0,0,1,0,0,1,0,0,1,Drop,False,None
Sky Flower Sliver,82,305,0,0,0,9,0,0,0,0,0,0,0,0,0,0,0,0,0,0,1,0,1,Drop,False,None
Weirwood's Thorn,72,304,0,0,0,8,0,0,0,0,0,0,0,0,0,0,1,0,0,1,0,0,1,Drop,False,None
Brutal Azteca Horn,82,300,0,0,0,10,0,0,0,0,0,0,0,0,0,0,0,0,0,0,1,0,1,Drop,False,None
Brood Mother's Regal Blade,98,300,0,0,0,15,0,0,0,0,0,0,0,0,0,0,1,0,0,1,0,0,0,Drop,False,None
Rackum's Blade of Deceit,98,300,0,0,0,5,0,0,0,0,0,0,0,0,0,0,1,0,0,1,0,0,0,Drop,False,None
Stone Quetzal's Tooth,82,300,0,0,0,10,0,0,0,0,0,0,0,0,0,0,0,0,0,0,1,0,1,Drop,False,None
Hopper Blade of Sandstorms,98,293,0,0,0,15,0,0,5,0,10,0,0,0,0,1,1,0,0,0,1,0,1,Crafting,False,None
Gwendolyn's True Friend,78,290,0,0,0,14,0,0,0,0,0,0,0,0,0,1,2,0,0,0,0,0,1,Drop,False,None
Fang of the Night Sky,84,290,0,0,0,9,0,0,0,0,11,0,0,0,0,1,0,0,0,0,1,0,1,Drop,False,None
Ockam's Razor,78,290,0,0,0,14,0,0,0,0,0,0,0,0,0,1,2,0,0,0,0,0,1,Drop,False,None
Mother's New Moon Athame,88,290,0,0,0,15,0,0,0,0,0,0,0,0,0,0,1,0,0,1,0,0,0,Drop,False,None
Sir Malory's Bloody Oath,78,290,0,0,0,14,0,0,0,0,0,0,0,0,0,1,2,0,0,0,0,0,1,Drop,False,None
Sworn Knife to Artorius,78,290,0,0,0,14,0,0,0,0,0,0,0,0,0,1,2,0,0,0,0,0,1,Drop,False,None
Versatile Steel,56,288,0,0,0,15,0,0,0,0,0,0,0,0,0,1,1,0,0,0,0,0,1,Drop,False,None
Berserker's Blade,64,280,0,0,0,6,0,0,0,0,0,0,0,0,0,1,0,0,0,0,2,0,0,Drop,False,None
Bull's Charge,64,280,0,0,0,6,0,0,0,0,0,0,0,0,0,1,0,0,0,0,2,0,0,Drop,False,None
Herd's Stampede,64,280,0,0,0,6,0,0,0,0,0,0,0,0,0,1,0,0,0,0,2,0,0,Drop,False,None
Pride's Maul,64,280,0,0,0,6,0,0,0,0,0,0,0,0,0,1,0,0,0,0,2,0,0,Drop,False,None
Roaring Razor,64,280,0,0,0,6,0,0,0,0,0,0,0,0,0,1,0,0,0,0,2,0,0,Drop,False,None
Striped Skewer,64,280,0,0,0,6,0,0,0,0,0,0,0,0,0,1,0,0,0,0,2,0,0,Drop,False,None
FateSailor's Exalted Steel,98,275,0,0,0,13,0,0,0,0,0,0,0,0,0,0,1,0,0,1,0,0,0,Drop,False,None
Roze's Hunting Knife,94,275,0,0,0,10,0,0,0,0,12,0,0,0,0,1,0,0,0,0,2,0,0,Drop,False,None
Talon of the Flame Legs,94,275,0,0,0,10,0,0,0,0,12,0,0,0,0,1,0,0,0,0,2,0,0,Drop,False,None
Horn Handled Knife,72,272,0,0,0,8,0,0,0,0,0,0,0,0,0,0,1,0,0,1,0,0,1,Drop,False,None
Dryad's Burning Nettle,72,271,0,0,0,9,0,0,0,0,0,0,0,0,0,0,1,0,0,1,0,0,1,Drop,False,None
Owl's Talon,72,271,0,0,0,9,0,0,0,0,0,0,0,0,0,0,1,0,0,1,0,0,1,Drop,False,None
Mandibles of Maelstroms,96,270,0,0,0,14,0,0,4,0,10,0,0,0,0,1,1,0,0,0,1,0,1,Crafting,False,None
Wild Tangle Blade,74,268,0,0,0,9,0,0,0,0,10,0,0,0,0,1,0,0,0,0,1,0,1,Drop,False,None
Advanced Balance Edge,50,260,0,0,0,15,0,0,0,0,0,0,0,0,0,1,2,0,1,0,0,0,0,Crowns,False,None
Athame of the Falling Star,88,260,0,0,0,15,0,0,0,0,0,0,0,0,0,0,1,0,0,1,0,0,0,Drop,False,None
Engineer's Knife,50,260,0,0,0,0,0,0,0,0,0,0,0,0,0,0,1,0,0,1,0,0,0,Gold Vendor,False,None
Great Ape's Tooth,68,260,0,0,0,0,0,0,0,0,16,20,0,0,0,0,1,0,0,0,1,0,0,Drop,False,None
Seven Stabs of the Sky Athame,88,260,0,0,0,15,0,0,0,0,0,0,0,0,0,0,1,0,0,1,0,0,0,Drop,False,None
Claw of the Law,58,259,0,0,0,18,0,0,0,0,0,0,0,0,0,0,2,0,0,0,0,0,1,Drop,False,None
Edge of Equality,54,259,0,0,0,13,0,0,0,0,0,0,0,0,0,1,0,0,0,0,1,0,1,Drop,False,None
Zanga's Blade,68,255,0,0,0,16,0,0,0,0,6,5,0,0,0,1,0,0,0,0,2,0,1,Drop,False,None
Dagger of the Blue Leaves,85,250,0,0,0,20,0,0,0,15,0,0,0,0,0,0,1,0,0,0,0,0,1,Retired,False,None
Bleeding Sun Dagger,84,250,0,0,0,9,0,0,0,0,11,0,0,0,0,1,0,0,0,0,1,0,0,Drop,False,None
Glistening Edge,50,250,0,0,0,0,0,0,0,0,0,0,0,0,0,0,1,0,0,1,1,0,0,Crafting,False,None
Fox's Fang,74,250,0,0,0,7,0,0,0,0,0,0,0,0,0,1,0,0,0,0,2,0,0,Drop,False,None
Tears of Mother Moon Blade,84,250,0,0,0,9,0,0,0,0,11,0,0,0,0,1,0,0,0,0,1,0,1,Drop,False,None
Great Inventor's Balance Dirk (Level 50+),50,246,0,0,0,14,0,0,0,0,0,0,0,0,0,0,0,0,0,1,2,0,1,Crowns,False,None
Last Wood Defender's Blade,94,245,0,0,0,10,0,0,0,0,12,0,0,0,0,1,0,0,0,0,2,0,0,Drop,False,None
Venom-Tipped Stingblade,94,245,0,0,0,10,0,0,0,0,12,0,0,0,0,1,0,0,0,0,2,0,0,Drop,False,None
Celestian Edge,50,243,0,0,0,0,0,0,0,0,0,26,0,0,0,1,0,0,0,0,0,0,0,Crafting,False,None
Stiletto of the Steward,45,240,0,0,0,0,0,0,0,0,0,0,0,0,0,0,1,0,0,1,1,0,0,Drop,False,None
Diplomatic Dagger,52,236,0,0,0,0,0,0,0,0,26,0,0,0,0,0,2,0,0,1,0,0,0,Crafting,False,None
Razor Thorn,62,235,0,0,0,14,0,0,0,0,0,0,0,0,0,0,1,0,0,0,0,0,1,Drop,False,None
Savannah Spike,62,235,0,0,0,14,0,0,0,0,0,0,0,0,0,0,1,0,0,0,0,0,1,Drop,False,None
Sliver of Insight,52,230,0,0,0,0,0,0,0,0,12,0,0,0,0,1,0,0,0,0,1,0,0,Drop,False,None
Archaeologist's Athame,50,230,0,0,0,0,0,0,0,0,0,0,0,0,0,0,1,0,0,1,0,0,0,Drop,False,None
Brave Steel,74,230,0,0,0,9,0,0,0,0,10,0,0,0,0,1,0,0,0,0,1,0,1,Drop,False,None
Noble Hunter's Dagger,74,230,0,0,0,9,0,0,0,0,10,0,0,0,0,1,0,0,0,0,1,0,1,Drop,False,None
Spike of the WoodWard,94,230,0,0,0,10,0,0,0,0,12,0,0,0,0,1,0,0,0,0,2,0,0,Drop,False,None
Zebra's Hoof,62,230,0,0,0,14,0,0,0,0,0,0,0,0,0,0,1,0,0,0,0,0,1,Drop,False,None
Revered Dagger,50,229,0,0,0,19,0,0,0,0,0,0,0,0,0,1,0,0,0,0,0,0,1,Crafting,False,None
Gurtok Scaleblade (H226),50,226,0,0,0,10,0,0,0,0,0,0,0,0,0,1,1,0,0,0,1,0,1,Retired,False,None
Lancet of Equality,45,226,0,0,0,0,0,0,0,0,0,0,0,0,0,0,1,0,0,1,0,0,0,Drop,False,None
Lemon Sour Blade,75,225,0,0,0,18,0,0,0,15,0,0,0,0,0,0,1,0,0,0,0,0,1,Retired,False,None
Raven's Razor of Wrath,65,225,0,0,0,16,0,0,0,15,0,0,0,0,0,0,1,0,0,0,0,0,1,Retired,False,None
Stone Town Scimitar,62,225,0,0,0,14,0,0,0,0,0,0,0,0,0,0,1,0,0,0,0,0,1,Drop,False,None
Stinger's Razor of Fortune,98,225,0,0,0,13,0,0,0,0,12,0,0,0,0,0,1,0,0,1,0,0,0,Drop,False,None
Vicious Sky's Sacred Athame,88,225,0,0,0,15,0,0,0,0,0,0,0,0,0,0,1,0,0,1,0,0,0,Drop,False,None
Esteemed Edge,52,222,0,0,0,18,0,0,0,0,0,0,0,0,0,0,1,0,0,1,1,0,0,Crafting,False,None
Jungle Thorn,62,220,0,0,0,14,0,0,0,0,0,0,0,0,0,0,1,0,0,0,0,0,1,Drop,False,None
Great Inventor's Balance Dirk (Level 40+),40,215,0,0,0,9,0,0,0,0,0,0,0,0,0,0,0,0,0,1,2,0,1,Crowns,False,None
Royal Athame of Duality,40,215,0,0,0,10,0,0,0,0,0,0,0,0,0,1,1,0,0,0,1,0,1,Drop,False,None
Burning Water Talon,84,215,0,0,0,9,0,0,0,0,11,0,0,0,0,1,0,0,0,0,1,0,0,Drop,False,None
Dirk of Unknown Origin,52,215,0,0,0,0,0,0,0,0,0,21,0,0,0,1,1,0,0,0,1,0,0,Crafting,False,None
Prideful Paw,62,215,0,0,0,14,0,0,0,0,0,0,0,0,0,0,1,0,0,0,0,0,1,Drop,False,None
Moon Skull's Blessed Edge,84,215,0,0,0,10,0,0,0,0,11,0,0,0,0,1,0,0,0,0,1,0,1,Drop,False,None
Winged Tooth Knight's Hook,84,215,0,0,0,10,0,0,0,0,11,0,0,0,0,1,0,0,0,0,1,0,1,Drop,False,None
Equilibrium's Razor,45,212,0,0,0,0,0,0,0,0,0,0,0,0,0,0,1,0,0,0,0,0,0,Gold Vendor,False,None
Striped Spear Blade,62,210,0,0,0,14,0,0,0,0,0,0,0,0,0,0,1,0,0,0,0,0,1,Drop,False,None
Venerable Blade,54,210,0,0,0,0,0,0,0,0,15,0,0,0,0,1,0,0,0,0,1,0,0,Drop,False,None
Cosmic Kris,58,208,0,0,0,16,0,0,0,0,21,20,0,0,0,1,0,0,0,0,1,0,0,Crafting,False,None
Dragontooth Blade,45,205,0,0,0,0,0,0,0,0,0,0,0,0,0,1,0,0,0,0,0,0,0,Retired,False,None
Longevity Twin Blades,54,205,0,0,0,0,0,0,0,0,0,15,0,0,0,1,0,0,0,0,1,0,0,Gold Vendor,False,None
Majestic Dagger,56,205,0,0,0,0,0,0,0,0,0,21,0,0,0,0,1,0,0,0,1,0,0,Drop,False,None
Wolf's Sapphire Claw,52,203,0,0,0,0,0,8,0,0,25,0,0,0,0,1,2,0,0,0,0,0,1,Drop,False,None
Wolf's Topaz Claw,52,202,0,0,0,15,0,8,0,0,0,0,0,0,0,1,2,0,0,0,0,0,1,Drop,False,None
Poniard of Principles,50,201,0,0,0,0,0,0,0,0,9,0,0,0,0,0,0,0,0,1,2,0,0,Gold Vendor,False,None
Dirk of Defense,56,201,0,0,0,15,0,0,0,0,20,0,0,0,0,0,1,0,0,0,0,0,1,Crafting,False,None
Claw of the Ghost Wolf,58,200,0,0,0,16,0,7,0,0,12,0,0,0,0,0,1,0,0,1,1,0,1,Drop,False,None
Edge of Resistance,55,200,0,0,0,15,0,0,0,15,0,0,0,0,0,0,0,0,0,1,0,0,1,Retired,False,None
Moonshard Stiletto,94,200,0,0,0,10,0,0,0,0,0,0,0,0,0,0,0,0,0,1,2,0,0,Retired,False,None
Long Lost Dagger,52,200,0,0,0,16,0,0,0,0,0,0,0,0,0,1,0,0,0,0,0,0,0,Drop,False,None
Sun Kris,58,200,0,0,0,15,0,0,0,0,21,0,0,0,0,1,0,0,0,0,1,0,1,Drop,False,None
Wolf's Amethyst Claw,52,195,0,0,0,0,0,8,0,0,16,15,0,0,0,1,2,0,0,0,0,0,1,Drop,False,None
Tenacious Blade,52,195,0,0,0,14,0,0,0,0,0,0,0,0,0,1,0,0,0,0,0,0,0,Drop,False,None
Edge of Echoes,54,194,0,0,0,14,0,0,0,0,0,18,0,0,0,1,0,0,0,0,1,0,1,Crafting,False,None
Shoji's Athame,40,192,0,0,0,0,0,0,0,0,0,0,0,0,0,0,1,0,0,1,0,0,0,Drop,False,None
Hound's Tooth,74,192,0,0,0,9,0,0,0,0,10,0,0,0,0,1,0,0,0,0,1,0,1,Drop,False,None
Old Green Beard's Needle,74,192,0,0,0,10,0,0,0,0,10,0,0,0,0,1,0,0,0,0,1,0,1,Drop,False,None
Loyal Steel,74,192,0,0,0,10,0,0,0,0,10,0,0,0,0,1,0,0,0,0,1,0,1,Drop,False,None
Senator's Claw,52,190,0,0,0,0,0,0,0,0,0,0,0,0,0,0,1,0,0,0,0,0,0,Drop,False,None
Supreme Stiletto,56,190,0,0,0,21,0,0,0,0,0,0,0,0,0,0,0,0,0,0,1,0,1,Gold Vendor,False,None
Dagger of Redemption,54,188,0,0,0,0,0,0,0,0,21,0,0,0,0,0,0,0,0,1,1,0,0,Drop,False,None
Malistaire Drake's Deathedge,50,188,0,0,0,10,0,0,0,0,15,0,0,0,0,0,1,0,0,1,0,0,1,Drop,False,None
Wolf's Garnet Claw,52,187,0,0,0,13,0,6,0,0,0,8,0,0,0,1,2,0,0,0,0,0,1,Drop,False,None
Benevolent Knife,45,185,0,0,0,8,0,0,0,0,0,8,0,0,0,1,2,0,0,0,0,0,0,Drop,False,None
Wily Edge,52,185,0,0,0,0,0,0,0,0,0,0,0,0,0,0,1,0,0,0,0,0,0,Drop,False,None
Kris of the Piscean Guard,56,184,0,0,0,19,0,0,0,0,0,0,0,0,0,0,1,0,0,0,0,0,1,Drop,False,None
Blade of Symmetry,40,183,0,0,0,0,0,0,0,0,0,0,0,0,0,1,0,0,0,0,1,0,1,Drop,False,None
Royal Dagger of Allegiance,40,180,0,0,0,7,0,0,0,0,0,0,0,0,0,1,0,0,0,0,2,0,0,Drop,False,None
Crab Claw,54,180,0,0,0,0,0,0,0,0,18,0,0,0,0,0,0,0,0,1,1,0,0,Drop,False,None
Dirk of Discovery,56,180,0,0,0,0,0,0,0,0,0,18,0,0,0,0,1,0,0,0,1,0,0,Drop,False,None
Morgantine Twin Blade,56,180,0,0,0,13,0,0,0,0,17,15,0,0,0,1,0,0,0,0,0,0,1,Crafting,False,None
Wild Wing's Glorious Razor,84,180,0,0,0,7,0,0,0,0,0,0,0,0,0,1,0,0,0,0,2,0,0,Drop,False,None
Imperial Blade,45,179,0,0,0,0,0,0,0,0,0,0,0,0,0,1,0,0,0,0,0,0,0,Crafting,False,None
Dirk of Augury,35,178,0,0,0,0,0,0,0,0,0,0,0,0,0,1,1,0,0,0,1,0,1,Retired,False,None
Dragonblood Dirk,45,176,0,0,0,0,0,0,0,0,0,0,0,0,0,0,0,0,0,0,0,0,1,Drop,False,None
Examiner's Shortblade,50,173,0,0,0,0,0,0,0,0,6,0,0,0,0,0,0,0,0,1,1,0,0,Drop,False,None
Medicating Claw,56,173,0,0,0,11,0,0,0,0,15,20,0,0,0,1,0,0,0,0,1,0,0,Crafting,False,None
Celestian Sliver of Power,56,172,0,0,0,15,0,0,0,0,0,21,0,0,0,1,0,0,0,0,0,0,1,Drop,False,None
Poniard of Vitality,45,170,0,0,0,0,0,0,0,0,0,0,0,0,0,0,1,0,0,0,0,0,0,Drop,False,None
Edge of Veracity,40,169,0,0,0,0,0,0,0,0,0,0,0,0,0,1,0,0,0,0,1,0,0,Drop,False,None
Survivor's Shortblade,54,166,0,0,0,10,0,0,0,0,14,14,0,0,0,1,0,0,0,0,1,0,1,Crafting,False,None
Kris of the Introverted,35,164,0,0,0,0,0,0,0,0,0,0,0,0,0,1,1,0,0,0,0,0,1,Gold Vendor,False,None
Indomitable Knife,45,164,0,0,0,0,0,0,0,0,0,0,0,0,0,0,0,0,0,0,0,0,1,Drop,False,None
Stellar Shortblade,58,160,0,0,0,15,0,0,0,0,18,0,0,0,0,1,0,0,0,0,1,0,1,Drop,False,None
Celestial Dagger,54,159,0,0,0,9,0,0,0,0,14,12,0,0,0,1,0,0,0,0,1,0,1,Crafting,False,None
Barkingham Steel Splinter,40,151,0,0,0,5,0,0,0,0,0,0,0,0,0,1,0,0,0,0,1,0,0,Drop,False,None
Immortal Blade,45,151,0,0,0,0,0,0,0,0,13,0,0,0,0,0,1,0,0,0,0,0,0,Crafting,False,None
Great Inventor's Balance Dirk (Level 30+),30,150,0,0,0,9,0,0,0,0,0,0,0,0,0,0,0,0,0,1,2,0,1,Crowns,False,None
Hingen's Dirk of Prudence,30,150,0,0,0,0,0,0,0,0,0,0,0,0,0,1,0,0,0,0,1,0,1,Drop,False,None
Adamant Kris,45,150,0,0,0,15,0,0,0,15,0,0,0,0,0,0,0,0,0,0,0,0,1,Retired,False,None
Bodkin of Battlefrenzy,40,150,0,0,0,0,0,0,0,0,0,0,0,0,0,0,0,0,0,1,0,0,0,Gold Vendor,False,None
Athame of the Lotus,40,150,0,0,0,0,0,0,0,0,0,0,0,0,0,0,0,0,0,0,0,0,1,Drop,False,None
Ethereal Athame,56,150,0,0,0,15,0,0,0,0,0,18,0,0,0,0,1,0,0,0,0,0,1,Drop,False,None
Vernal Shears,27,150,0,0,0,6,0,0,0,0,0,0,0,0,0,0,0,0,0,0,1,0,0,Drop,False,None
Stonecutter,45,150,0,0,0,0,0,0,0,0,0,0,0,0,0,0,0,0,0,1,0,0,1,Drop,False,None
Doctor's Surgical Knife,30,144,0,0,0,0,0,0,0,0,0,0,0,0,0,1,0,0,0,0,2,0,1,Drop,False,None
Blade of the Berserker,45,140,0,0,0,7,0,0,0,0,0,0,0,0,0,1,2,0,0,0,0,0,0,Drop,False,None
Crystalline Queen's Shardblade,45,140,0,0,0,0,0,0,0,0,0,15,0,0,0,0,0,0,0,1,1,0,0,Drop,False,None
Knife of Effervessence,45,140,0,0,0,0,0,0,0,0,14,0,0,0,0,0,1,0,0,0,0,0,0,Retired,False,None
Dagger of Soul-Searching,35,135,0,0,0,0,0,0,0,0,0,0,0,0,0,1,1,0,0,0,0,0,1,Gold Vendor,False,None
Lifegiver's Edge,45,135,0,0,0,0,0,0,0,0,0,14,0,0,0,0,0,0,0,1,1,0,0,Drop,False,None
Point of the Pegasus,23,132,0,0,0,0,0,0,0,0,0,2,0,0,0,0,1,0,0,1,0,0,0,Gold Vendor,False,None
Athame of Stasis,25,130,0,0,0,0,0,0,0,0,0,0,0,0,0,0,1,0,0,0,1,0,0,Retired,False,None
Blade of Ashes,45,130,0,0,0,0,0,0,0,0,12,0,0,0,0,0,0,0,0,1,0,0,1,Drop,False,None
Needle of the Eye,45,130,0,0,0,0,0,0,0,0,0,13,0,0,0,0,0,0,0,1,1,0,0,Drop,False,None
Inspirational Blade,45,125,0,0,0,8,0,0,0,0,0,0,0,0,0,1,0,0,0,0,0,0,0,Crafting,False,None
Dirk of Hardiness,40,124,0,0,0,0,0,0,0,0,0,0,0,0,0,0,1,0,0,0,0,0,0,Retired,False,None
Galvanic Glaive,25,120,0,0,0,5,0,0,0,0,0,0,0,0,0,1,2,0,1,0,0,0,0,Drop,False,None
Ideyoshi's Idealistic Athame,40,120,0,0,0,0,0,0,0,0,0,11,0,0,0,0,0,0,0,0,0,0,0,Drop,False,None
Ideyoshi's Analytical Athame,40,120,0,0,0,0,0,0,0,0,0,11,0,0,0,1,0,0,0,0,0,0,1,Drop,False,None
Akuji's Entranced Knife,40,115,0,0,0,0,0,0,0,0,10,0,0,0,0,0,1,0,0,1,0,0,0,Drop,False,None
Dagger of Deliberation,35,110,0,0,0,0,0,0,0,0,0,9,0,0,0,0,0,0,0,0,1,0,1,Drop,False,None
Surgeon's Scalpel,35,110,0,0,0,0,0,0,0,0,7,7,0,0,0,1,1,0,1,0,0,0,0,Drop,False,None
Stable Stiletto,25,109,0,0,0,0,0,0,0,0,0,0,0,0,0,0,0,0,0,0,0,0,1,Gold Vendor,False,None
Dagger of Force,30,108,0,0,0,0,0,0,0,0,0,0,0,0,0,1,0,0,0,0,1,0,0,Drop,False,None
Unbreakable Blade,35,100,0,0,0,12,0,0,0,15,0,0,0,0,0,0,0,0,0,0,0,0,1,Retired,False,None
Talon of the Wyrmkin,45,100,0,0,0,9,0,0,0,0,0,0,0,0,0,0,0,0,0,1,1,0,1,Drop,False,None
Soulsapper's Dagger,20,96,0,0,0,0,0,0,0,0,0,0,0,0,0,1,0,0,0,0,2,0,1,Drop,False,None
Dirk of Nobles,25,96,0,0,0,0,0,0,0,0,0,0,0,0,0,0,1,0,0,1,0,0,0,Drop,False,None
Grimoire's Edge,24,96,0,0,0,0,0,0,0,0,8,1,0,0,0,1,0,0,0,0,1,0,0,Gold Vendor,False,None
Athame of Infinity,35,92,0,0,0,0,0,0,0,0,8,0,0,0,0,1,0,0,0,0,1,0,0,Crafting,False,None
Spine of the Dragon,20,90,0,0,0,0,0,0,0,0,0,0,0,0,0,0,1,0,0,1,0,0,0,Crafting,False,None
Runecutter,25,89,0,0,0,0,0,0,0,0,0,0,0,0,0,1,0,0,0,0,1,0,0,Drop,False,None
Possibility Dirk,35,85,0,0,0,0,0,0,0,0,0,0,0,0,0,0,1,0,0,1,0,0,0,Crafting,False,None
Keen-Edged Dirk,15,85,0,0,0,0,0,0,0,0,3,0,0,0,0,1,1,0,0,0,0,0,0,Drop,False,None
Nomoonaga's Kris of Hope,40,85,0,0,0,9,0,0,0,0,0,0,0,0,0,1,0,0,0,0,0,0,1,Drop,False,None
Mugsy's Stylish Athame,30,85,0,0,0,0,0,0,0,0,6,0,0,0,0,1,0,0,0,0,1,0,0,Drop,False,None
Vigilant Steel,40,85,0,0,0,8,0,0,0,0,0,0,0,0,0,0,0,0,0,0,0,0,1,Drop,False,None
Athame of the Sleuth,15,84,0,0,0,0,0,0,0,0,0,0,0,0,0,1,0,0,0,0,0,0,0,Gold Vendor,False,None
Pops O'Leary Shifty Dagger,25,83,0,0,0,0,0,0,0,0,0,0,0,0,0,0,1,0,0,1,0,0,0,Drop,False,None
Astute Archival Dirk (Level 20+),20,82,0,0,0,0,0,0,0,0,0,4,0,0,0,0,0,0,0,1,2,1,0,Crowns,False,None
Great Inventor's Balance Dirk (Level 20+),20,82,0,0,0,5,0,0,0,0,0,0,0,0,0,0,0,0,0,1,2,0,1,Crowns,False,None
Ghoulish Cerberus Master Dirk (Level 20+),20,82,0,0,0,4,0,0,0,0,0,0,0,0,0,0,0,0,0,1,2,0,1,Crowns,False,None
Kris of Sensibility,15,82,0,0,0,0,0,0,0,0,0,0,0,0,0,1,0,0,0,0,1,0,1,Gold Vendor,False,None
Irontalon,30,81,0,0,0,0,0,0,0,0,0,0,0,0,0,1,0,0,0,0,1,0,0,Drop,False,None
Wyrdrazor,20,80,0,0,0,0,0,0,0,0,0,0,0,0,0,1,0,0,0,0,2,0,0,Drop,False,None
Agent's Kris,25,80,0,0,0,0,0,0,0,0,0,6,0,0,0,1,0,0,0,0,0,0,1,Drop,False,None
Banewarden's Cutter,30,80,0,0,0,0,0,0,0,0,5,0,0,0,0,1,0,0,0,0,1,0,1,Drop,False,None
Dirk of Capacity,15,75,0,0,0,0,0,0,0,0,0,0,0,0,0,1,0,0,0,0,1,0,0,Retired,False,None
Stiletto of Consequence,25,75,0,0,0,0,0,0,0,0,0,0,0,0,0,1,0,0,0,0,0,0,0,Retired,False,None
Commoner's Stiletto,25,75,0,0,0,0,0,0,0,0,4,0,0,0,0,0,0,0,0,0,0,0,1,Gold Vendor,False,None
Charged Knife,25,75,0,0,0,0,0,0,0,0,0,6,0,0,0,1,2,0,1,0,0,0,0,Drop,False,None
Kyuto's Kris of Questions,35,75,0,0,0,7,0,0,0,0,0,0,0,0,0,0,0,0,0,0,1,0,0,Drop,False,None
Steadfast Steel,25,75,0,0,0,9,0,0,0,15,0,0,0,0,0,0,0,0,0,0,0,0,1,Retired,False,None
Lifebringer's Athame,10,71,0,0,0,0,0,0,0,0,0,0,0,0,0,0,0,0,0,0,0,0,0,Crafting,False,None
Iceshadow's Athame,20,70,0,0,0,0,0,0,0,0,0,0,0,0,0,1,0,0,0,0,0,0,0,Gold Vendor,False,None
Parched Kris,20,70,0,0,0,0,0,0,0,0,0,0,0,0,0,1,0,0,0,0,0,0,0,Drop,False,None
Stable Skyfarer's Athame (Level 20+),20,66,0,0,0,0,0,0,0,0,0,5,0,0,0,0,0,0,0,1,2,0,1,Crowns,False,None
Dirk of the Wasteland,15,60,0,0,0,0,0,0,0,0,0,0,0,0,0,0,0,0,0,0,0,0,1,Drop,False,None
Horn of the Unicorn,20,59,0,0,0,0,0,0,0,0,4,0,0,0,0,1,0,0,0,0,1,0,1,Crafting,False,None
Edge of Survival,25,55,0,0,0,0,0,0,0,0,0,3,0,0,0,1,0,0,0,0,1,0,0,Drop,False,None
Kepi's Dirk of the Adept,20,55,0,0,0,0,0,0,0,0,0,3,0,0,0,0,1,0,0,0,0,0,0,Drop,False,None
Old Smokey's Dagger,30,55,0,0,0,7,0,0,0,0,0,0,0,0,0,1,0,0,0,0,1,0,1,Drop,False,None
Astute Archival Dirk (Level 10+),10,54,0,0,0,0,0,0,0,0,0,1,0,0,0,0,0,0,0,0,0,0,0,Crowns,False,None
Burrower's Sorcery Athame (Level 10+),10,54,0,0,0,2,0,0,0,0,0,0,0,0,0,0,0,0,0,0,0,0,0,Crowns,False,None
Ghoulish Cerberus Master Dirk (Level 10+),10,54,0,0,0,2,0,0,0,0,0,0,0,0,0,0,0,0,0,0,0,0,0,Crowns,False,None
Great Inventor's Balance Dirk (Level 10+),10,54,0,0,0,2,0,0,0,0,0,0,0,0,0,0,0,0,0,0,0,0,0,Crowns,False,None
Shortblade of the Bastion,10,54,0,0,0,0,0,0,0,0,0,0,0,0,0,0,0,0,0,0,0,0,0,Retired,False,None
Balanced Night Mire Athame (Level 10+),10,52,0,0,0,2,0,0,0,0,0,0,0,0,0,0,0,0,0,0,0,0,0,Crowns,False,None
Athame of Pyramids,20,52,0,0,0,0,0,0,0,0,0,0,0,0,0,0,0,0,0,0,0,0,1,Drop,False,None
Path of Harmony Hook,25,50,0,0,0,9,0,0,0,0,0,0,0,0,0,1,1,0,0,0,1,0,1,Drop,False,None
Dagger of Talent,10,50,0,0,0,0,0,0,0,0,0,0,0,0,0,0,0,0,0,0,0,0,0,Drop,False,None
Resolute Dagger,15,50,0,0,0,5,0,0,0,15,0,0,0,0,0,0,0,0,0,0,0,0,1,Retired,False,None
Pharaoh's Shortsword,20,50,0,0,0,0,0,0,0,0,3,0,0,0,0,0,1,0,0,0,0,0,0,Drop,False,None
Trusty Athame,15,50,0,0,0,2,0,0,0,0,0,0,0,0,0,0,0,0,1,0,0,0,0,Retired,False,None
Talon of the Runechanter,20,50,0,0,0,0,0,0,0,0,0,2,0,0,0,0,0,0,0,0,1,0,0,Drop,False,None
Sparking Steel,15,50,0,0,0,3,0,0,0,0,0,0,0,0,0,1,1,0,0,0,0,0,0,Drop,False,None
Greebly's Steaknife,10,48,0,0,0,0,0,0,0,0,0,0,0,0,0,0,0,0,0,0,0,0,0,Drop,False,None
Ghoulish Cerberus Master Dirk (Any Level),1,46,0,0,0,1,0,0,0,0,0,0,0,0,0,0,0,0,0,0,0,0,0,Crowns,False,None
Ancient Kris,15,45,0,0,0,0,0,0,0,0,0,1,0,0,0,1,0,0,0,0,0,0,1,Drop,False,None
Clanker's Dirk of Endurance,25,45,0,0,0,5,0,0,0,0,0,0,0,0,0,0,0,0,0,0,0,0,1,Drop,False,None
Sphinx's Stiletto,15,45,0,0,0,0,0,0,0,0,2,0,0,0,0,0,1,0,0,0,1,0,0,Retired,False,None
Wastelander's Dusty Dirk (Level 10+),10,44,0,0,0,2,0,0,0,0,0,0,0,0,0,0,0,0,0,0,0,0,0,Crowns,False,None
Athame of Wisdom,10,42,0,0,0,0,0,0,0,0,0,0,0,0,0,0,0,0,0,0,0,0,0,Fishing,False,None
Wish Blade,10,41,0,0,0,0,0,0,0,0,0,0,0,0,0,0,0,0,0,0,0,0,0,Crafting,False,None
Dirk of the Citadel,15,40,0,0,0,0,0,0,0,0,1,0,0,0,0,1,0,0,0,0,1,0,0,Gold Vendor,False,None
Dagger of Annihilation,20,35,0,0,0,4,0,0,0,0,0,0,0,0,0,1,1,0,0,0,0,0,0,Drop,False,None
Pagoda of Harmony Razor,25,32,0,0,0,6,0,0,0,0,0,0,0,0,0,1,0,0,0,0,2,0,0,Drop,False,None
Citrine Studded Athame,10,30,0,0,0,0,0,0,0,0,0,0,0,0,0,0,0,0,0,0,0,0,0,Drop,False,None
Fine Dagger,10,30,0,0,0,0,0,0,0,0,0,0,0,0,0,0,0,0,0,0,0,0,0,Drop,False,None
Shortblade of the Quick,5,30,0,0,0,0,0,0,0,0,0,0,0,0,0,0,0,0,0,0,0,0,0,Drop,False,None
Astute Archival Dirk (Any Level),1,27,0,0,0,0,0,0,0,0,0,1,0,0,0,0,0,0,0,0,0,0,0,Crowns,False,None
Balanced Night Mire Athame (Any Level),1,27,0,0,0,1,0,0,0,0,0,0,0,0,0,0,0,0,0,0,0,0,0,Crowns,False,None
Burrower's Sorcery Athame (Any Level),1,27,0,0,0,1,0,0,0,0,0,0,0,0,0,0,0,0,0,0,0,0,0,Crowns,False,None
Cute Fairy Kei Knife (Any Level),1,25,0,0,0,1,0,0,0,0,0,0,0,0,0,0,0,0,0,0,0,0,0,Crowns,False,None
Knife of Amendment,5,25,0,0,0,0,0,0,0,0,0,0,0,0,0,0,0,0,0,0,0,0,0,Crafting,False,None
Knife of the Badlands,15,25,0,0,0,2,0,0,0,0,0,0,0,0,0,1,0,0,0,0,0,0,1,Drop,False,None
Ritual Athame,5,25,0,0,0,0,0,0,0,0,0,0,0,0,0,0,0,0,0,0,0,0,0,Gold Vendor,False,None
Stiletto of Prowess,5,25,0,0,0,0,0,0,0,0,0,0,0,0,0,0,0,0,0,0,0,0,0,Crafting,False,None
Symmetrical Dirk,5,24,0,0,0,0,0,0,0,0,0,0,0,0,0,0,0,0,0,0,0,0,0,Drop,False,None
Stable Skyfarer's Athame (Any Level),1,22,0,0,0,0,0,0,0,0,0,1,0,0,0,0,0,0,0,0,0,0,0,Crowns,False,None
Wastelander's Dusty Dirk (Any Level),1,22,0,0,0,1,0,0,0,0,0,0,0,0,0,0,0,0,0,0,0,0,0,Crowns,False,None
Talon of the Harmonious One,25,22,0,0,0,4,0,0,0,0,0,0,0,0,0,1,0,0,0,0,1,0,0,Drop,False,None
Sturdy Blade,5,20,0,0,0,0,0,0,0,0,0,0,0,0,0,0,0,0,0,0,0,0,0,Drop,False,None
Ancient Dagger,5,18,0,0,0,0,0,0,0,0,0,0,0,0,0,0,0,0,0,0,0,0,0,Gold Vendor,False,None
Studded Knife,10,18,0,0,0,0,0,0,0,0,0,0,0,0,0,0,0,0,0,0,0,0,0,Drop,False,None
Simple Dirk,1,15,0,0,0,0,0,0,0,0,0,0,0,0,0,0,0,0,0,0,0,0,0,Gold Vendor,False,None
Offset Dagger,5,12,0,0,0,0,0,0,0,0,0,0,0,0,0,0,0,0,0,0,0,0,0,Retired,False,None
Dulled Athame,1,10,0,0,0,0,0,0,0,0,0,0,0,0,0,0,0,0,0,0,0,0,0,Drop,False,None
Floramancer Blade of Cycles (Level 120+),0,0,0,0,0,0,0,0,0,0,0,0,0,0,0,0,0,0,0,0,0,0,0,Drop,False,None
Floramancer Blade of Cycles (Level 90+),0,0,0,0,0,0,0,0,0,0,0,0,0,0,0,0,0,0,0,0,0,0,0,Drop,False,None
Floramancer Blade of Cycles (Level 160+),0,0,0,0,0,0,0,0,0,0,0,0,0,0,0,0,0,0,0,0,0,0,0,Drop,False,None
Floramancer Blade of Cycles (Level 140+),0,0,0,0,0,0,0,0,0,0,0,0,0,0,0,0,0,0,0,0,0,0,0,Drop,False,None
Golden Balance Dagger,0,0,0,0,0,0,0,0,0,0,0,0,0,0,0,0,0,0,0,0,0,0,0,Drop,False,None
Floramancer Blade of Cycles (Level 70+),0,0,0,0,0,0,0,0,0,0,0,0,0,0,0,0,0,0,0,0,0,0,0,Drop,False,None
Floramancer Blade of Cycles (Level 130+),0,0,0,0,0,0,0,0,0,0,0,0,0,0,0,0,0,0,0,0,0,0,0,Drop,False,None
Malistaire's Harmonic Blade (Level 50+),0,0,0,0,0,0,0,0,0,0,0,0,0,0,0,0,0,0,0,0,0,0,0,Rematch,False,None
Malistaire's Harmonic Blade (Level 160+),0,0,0,0,0,0,0,0,0,0,0,0,0,0,0,0,0,0,0,0,0,0,0,Rematch,False,None
Malistaire's Harmonic Blade (Level 100+),0,0,0,0,0,0,0,0,0,0,0,0,0,0,0,0,0,0,0,0,0,0,0,Rematch,False,None
Glistening Balance Dagger,0,0,0,0,0,0,0,0,0,0,0,0,0,0,0,0,0,0,0,0,0,0,0,Drop,False,None
Shortblade of Cunning,15,0,0,0,0,0,0,0,0,0,0,0,0,0,0,0,0,0,0,0,0,0,0,Retired,False,None
Umbra Queen's Dusty Dirk (Level 100+),0,0,0,0,0,0,0,0,0,0,0,0,0,0,0,0,0,0,0,0,0,0,0,Rematch,False,None
Umbra Queen's Dusty Dirk (Level 170+),0,0,0,0,0,0,0,0,0,0,0,0,0,0,0,0,0,0,0,0,0,0,0,Rematch,False,None
Walrusk Bodkin of Dignity,0,0,0,0,0,0,0,0,0,0,0,0,0,0,0,0,0,0,0,0,0,0,0,Drop,False,None
Bobby's Dirk,25,0,0,0,0,0,0,0,0,0,0,5,0,0,0,1,0,0,0,0,0,0,0,Gold Vendor,False,None
Conventional Dagger,20,0,0,0,0,0,0,0,0,0,4,0,0,0,0,1,0,0,0,0,0,0,0,Gold Vendor,False,None
Conundrum Blade,5,0,0,0,0,1,0,0,0,0,0,0,0,0,0,0,0,0,0,0,0,0,0,Crafting,False,None
Dagger of Absolution,5,0,0,0,0,0,0,0,0,0,0,0,0,0,0,0,0,0,0,0,0,0,0,Crafting,False,None
Chipped Knife,10,0,0,0,0,0,0,0,0,0,0,0,0,0,0,0,0,0,0,0,0,0,0,Gold Vendor,False,None
Athame of Consideration,35,0,0,0,0,0,0,0,0,0,8,0,0,0,0,0,0,0,0,0,1,0,0,Retired,False,None
Changeling Knife,10,0,0,0,0,0,0,0,0,0,0,0,0,0,0,0,0,0,0,0,0,0,0,Crafting,False,None
Athame of Chivalry,20,0,0,0,0,0,0,0,0,0,0,0,0,0,0,0,1,0,0,1,0,0,0,Gold Vendor,False,None
Bodkin of Fury,20,0,0,0,0,0,0,0,0,0,0,0,0,0,0,1,0,0,0,0,0,0,0,Gold Vendor,False,None
Adamantine Dirk,40,0,0,0,0,0,0,0,0,0,0,9,0,0,0,1,0,0,0,0,1,0,0,Drop,False,None
Athame of Perserverance,45,0,0,0,0,0,0,0,0,0,13,0,0,0,0,0,0,0,0,0,1,0,1,Drop,False,None
Athame of Attention,30,0,0,0,0,0,0,0,0,0,8,0,0,0,0,1,0,0,0,0,0,0,0,Drop,False,None
Aristocrat's Dagger,30,0,0,0,0,0,0,0,0,0,0,7,0,0,0,1,0,0,0,0,1,0,0,Drop,False,None
Athame of Mortality,15,0,0,0,0,0,0,0,0,0,3,0,0,0,0,0,1,0,0,0,0,0,0,Drop,False,None
Dirk of Brainwork,30,0,0,0,0,7,0,0,0,0,0,0,0,0,0,1,0,0,0,0,0,0,0,Gold Vendor,False,None
Bodkin of the Hearty,35,0,0,0,0,0,0,0,0,0,0,0,0,0,0,1,2,0,0,0,0,0,0,Drop,False,None
Athame of Awakening,45,0,0,0,0,10,0,0,0,0,13,0,0,0,0,0,0,0,0,1,1,0,1,Drop,False,None
Brady's Provincial Kris,25,0,0,0,0,0,0,0,0,0,5,0,0,0,0,0,1,0,0,0,0,0,0,Drop,False,None
Athame of the Volcano,45,0,0,0,0,9,0,0,0,0,0,0,0,0,0,0,0,0,0,0,0,0,1,Drop,False,None
Blade of Proportions,20,0,0,0,0,0,0,0,0,0,0,4,0,0,0,1,0,0,0,0,1,0,0,Drop,False,None
Athame of the Desert,20,0,0,0,0,0,0,0,0,0,3,3,0,0,0,0,1,0,0,1,0,0,0,Drop,False,None
Cabalist Schism Dagger,0,0,0,0,0,0,0,0,0,0,0,0,0,0,0,0,0,0,0,0,0,0,0,Drop,False,None
Clanker's Lifeline Dagger,30,0,0,0,0,0,0,0,0,0,6,7,0,0,0,1,0,0,0,0,1,0,0,Drop,False,None
Claw of Conciliation,45,0,0,0,0,10,0,0,0,0,0,0,0,0,0,0,0,0,0,1,1,0,1,Drop,False,None
Curing Claw,50,0,0,0,0,0,0,0,0,0,0,23,0,0,0,1,0,0,0,0,1,0,0,Drop,False,None
Cryptkeeper's Shortsword,15,0,0,0,0,0,0,0,0,0,1,0,0,0,0,0,1,0,0,0,0,0,0,Drop,False,None
Dagger of Solitude,15,0,0,0,0,0,0,0,0,0,0,0,0,0,0,1,0,0,0,0,0,0,0,Drop,False,None
Dancing Dirk,52,0,0,0,0,21,0,0,0,0,0,0,0,0,0,0,0,0,0,0,0,0,1,Drop,False,None
Crystalline Dagger,20,0,0,0,0,3,0,0,0,0,0,3,0,0,0,1,0,0,0,0,1,0,0,Drop,False,None
Dagger of Dissolution,20,0,0,0,0,4,0,0,0,0,0,0,0,0,0,0,1,0,0,0,0,0,1,Drop,False,None
Empyrean Blade,35,0,0,0,0,7,0,0,0,0,0,0,0,0,0,1,0,0,0,0,0,0,1,Crafting,False,None
Dirk of Sandcastles,40,0,0,0,0,0,0,0,0,0,0,12,0,0,0,0,0,0,0,0,0,0,1,Drop,False,None
Dagger of Detachment,30,0,0,0,0,0,0,0,0,0,0,9,0,0,0,1,0,0,0,0,0,0,0,Drop,False,None
Dauntless Dirk,45,0,0,0,0,0,0,0,0,0,0,0,0,0,0,1,0,0,0,0,0,0,0,Drop,False,None
Duelist's Fatal Razor (Level 20+),20,0,0,0,0,0,0,0,0,0,0,0,0,0,0,1,1,0,0,0,1,0,1,Retired,False,None
Dirk of the Daring,45,0,0,0,0,0,0,0,0,0,0,0,0,0,0,0,0,0,0,0,0,0,1,Drop,False,None
Dagger of Silence,20,0,0,0,0,2,0,0,0,0,2,0,0,0,0,1,0,0,0,0,0,0,1,Drop,False,None
Dirk of Harmony,10,0,0,0,0,1,0,0,0,0,0,0,0,0,0,0,0,0,0,0,0,0,0,Drop,False,None
Detective's Dagger,20,0,0,0,0,0,0,0,0,0,0,5,0,0,0,1,0,0,0,0,1,0,0,Drop,False,None
Explorer's Edge,50,0,0,0,0,0,0,0,0,0,0,0,0,0,0,0,1,0,0,1,0,0,0,Drop,False,None
Flamedancer's Athame,15,0,0,0,0,0,0,0,0,0,0,1,0,0,0,1,0,0,0,0,0,0,0,Drop,False,None
Glacial Dagger,20,0,0,0,0,0,0,0,0,0,3,0,0,0,0,1,0,0,0,0,1,0,0,Drop,False,None
Graceful Stiletto,25,0,0,0,0,0,0,0,0,0,0,0,0,0,0,0,1,0,0,1,0,0,0,Drop,False,None
Dragon's Claw Blade,45,0,0,0,0,0,0,0,0,0,14,15,0,0,0,0,0,0,0,0,2,0,0,Drop,False,None
Glyphcarver,10,0,0,0,0,1,0,0,0,0,0,0,0,0,0,0,0,0,0,0,0,0,0,Gold Vendor,False,None
Ember's Pensive Dagger,40,0,0,0,0,0,0,0,0,0,0,10,0,0,0,1,0,0,0,0,1,0,0,Drop,False,None
Haru's Dirk of Regard,40,0,0,0,0,0,0,0,0,0,10,11,0,0,0,1,0,0,0,0,0,0,1,Drop,False,None
Fink's Stiletto,30,0,0,0,0,0,0,0,0,0,7,0,0,0,0,1,0,0,0,0,1,0,0,Drop,False,None
Initiate's Dirk,15,0,0,0,0,0,0,0,0,0,1,1,0,0,0,1,0,0,0,0,0,0,0,Retired,False,None
Glittering Dagger,10,0,0,0,0,0,0,0,0,0,0,0,0,0,0,0,0,0,0,0,0,0,0,Gold Vendor,False,None
Glyph-Etched Knife,40,0,0,0,0,0,0,0,0,0,10,0,0,0,0,1,0,0,0,0,2,0,0,Drop,False,None
Honed Athame,10,0,0,0,0,0,0,0,0,0,0,0,0,0,0,0,0,0,0,0,0,0,0,Drop,False,None
Icewarden's Knife,20,0,0,0,0,0,0,0,0,0,2,2,0,0,0,0,0,0,0,0,1,0,0,Drop,False,None
Informant's Dirk,30,0,0,0,0,0,0,0,0,0,0,8,0,0,0,1,0,0,0,0,1,0,0,Drop,False,None
Dragon's Eye Dagger,45,0,0,0,0,0,0,0,0,0,0,0,0,0,0,0,0,0,0,0,0,0,1,Drop,False,None
Poniard of the Last Rune,30,0,0,0,0,0,0,0,0,0,0,8,0,0,0,1,0,0,0,0,1,0,0,Gold Vendor,False,None
Mercurial Dagger,10,0,0,0,0,2,0,0,0,0,0,0,0,0,0,0,0,0,0,0,0,0,0,Crafting,False,None
Poniard of Hardiness,45,0,0,0,0,0,0,0,0,0,0,15,0,0,0,1,0,0,0,0,0,0,0,Gold Vendor,False,None
Powerful Stiletto,10,0,0,0,0,0,0,0,0,0,0,1,0,0,0,0,0,0,0,0,0,0,0,Gold Vendor,False,None
Poniard of Gallantry,10,0,0,0,0,0,0,0,0,0,3,0,0,0,0,0,0,0,0,0,0,0,0,Crafting,False,None
Malevolent Power Athame,0,0,0,0,0,0,0,0,0,0,0,0,0,0,0,0,0,0,0,0,0,0,0,Drop,False,None
Librarian's Stylet,26,0,0,0,0,6,0,0,0,0,6,0,0,0,0,0,0,0,0,1,0,0,0,Drop,False,None
Prince's Dirk of Tempests,15,0,0,0,0,2,0,0,0,0,0,1,0,0,0,0,1,0,0,0,1,0,0,Drop,False,None
Mistlore Blade,25,0,0,0,0,4,0,0,0,0,0,0,0,0,0,1,0,0,0,0,1,0,0,Drop,False,None
Living Claw,50,0,0,0,0,0,0,0,0,0,23,0,0,0,0,1,0,0,0,0,1,0,0,Drop,False,None
Novice's Athame,5,0,0,0,0,0,0,0,0,0,0,0,0,0,0,0,0,0,0,0,0,0,0,Drop,False,None
Poniard of the Wyrms,45,0,0,0,0,0,0,0,0,0,0,0,0,0,0,0,1,0,0,0,0,0,0,Drop,False,None
Sergeant's Stilleto of Zip,1,0,0,0,0,0,0,0,0,0,0,0,0,0,0,0,0,0,0,0,0,0,0,Retired,False,None
Shaman's Shortblade,45,0,0,0,0,0,0,0,0,0,0,13,0,0,0,1,0,0,0,0,0,0,0,Retired,False,None
Jikiru's Shortblade of Images,40,0,0,0,0,7,0,0,0,0,9,0,0,0,0,1,0,0,0,0,0,0,1,Drop,False,None
Pennon Poniard,25,0,0,0,0,8,0,0,0,0,5,2,0,0,0,0,0,0,0,0,0,0,1,Drop,False,None
Malistaire's Forlorn Blade,0,0,0,0,0,0,0,0,0,0,0,0,0,0,0,0,0,0,0,0,0,0,0,Drop,False,None
Knife of Preoccupation,40,0,0,0,0,9,0,0,0,0,0,0,0,0,0,0,0,0,0,0,0,0,1,Drop,False,None
Shortblade,5,0,0,0,0,0,0,0,0,0,0,0,0,0,0,0,0,0,0,0,0,0,0,Gold Vendor,False,None
Kris of the Pensive Ones,35,0,0,0,0,8,0,0,0,0,0,0,0,0,0,0,0,0,0,0,0,0,1,Drop,False,None
Mugsy's Perceptive Knife,25,0,0,0,0,6,0,0,0,0,0,0,0,0,0,0,1,0,0,1,0,0,0,Drop,False,None
Keeper's Blade of Runes,15,0,0,0,0,3,0,0,0,0,0,0,0,0,0,0,0,0,0,0,0,0,1,Drop,False,None
River Spirit's Drifting Dirk,40,0,0,0,0,8,0,0,0,0,0,9,0,0,0,1,0,0,0,0,0,0,1,Drop,False,None
Stiletto of Inspiration,45,0,0,0,0,10,0,0,0,0,0,0,0,0,0,0,0,0,0,0,0,0,1,Gold Vendor,False,None
Student's Shortblade,35,0,0,0,0,0,0,0,0,0,0,0,0,0,0,1,1,0,0,0,0,0,1,Gold Vendor,False,None
Scavenger's Shortblade,15,0,0,0,0,2,0,0,0,0,0,0,0,0,0,0,1,0,0,0,0,0,0,Drop,False,None
Shortblade of a Daydreamer,40,0,0,0,0,0,0,0,0,0,11,0,0,0,0,0,0,0,0,0,0,0,1,Drop,False,None
Sandblasted Dagger,15,0,0,0,0,2,0,0,0,0,0,0,0,0,0,0,0,0,0,0,0,0,1,Drop,False,None
Scaled Smallsword,45,0,0,0,0,0,0,0,0,0,0,13,0,0,0,1,0,0,0,0,0,0,0,Drop,False,None
Shadowmark's Smallblade,45,0,0,0,0,10,0,0,0,0,0,0,0,0,0,0,0,0,0,1,0,0,1,Drop,False,None
Shortblade of Ruination,20,0,0,0,0,5,0,0,0,0,0,0,0,0,0,0,1,0,0,0,1,0,1,Drop,False,None
Sliver of Doubt,45,0,0,0,0,0,0,0,0,0,12,13,0,0,0,0,0,0,0,1,0,0,1,Drop,False,None
Veteran's Kris of Zeal,1,0,0,0,0,0,0,0,0,0,0,0,0,0,0,0,0,0,0,0,0,0,0,Retired,False,None
Shortsword of Scrutiny,40,0,0,0,0,0,0,0,0,0,0,0,0,0,0,0,0,0,0,0,0,0,1,Drop,False,None
Smokey's Clever Dagger,25,0,0,0,0,7,0,0,0,0,0,0,0,0,0,0,1,0,0,1,0,0,0,Drop,False,None
Soothing Steel,45,0,0,0,0,0,0,0,0,0,12,0,0,0,0,1,0,0,0,0,0,0,0,Drop,False,None
Shortblade of Flowers,25,0,0,0,0,0,0,0,0,0,4,5,0,0,0,0,0,0,0,0,2,0,0,Drop,False,None
Stormshadow's Claw,20,0,0,0,0,2,0,0,0,0,0,2,0,0,0,0,0,0,0,0,1,0,0,Drop,False,None
Tooth of the Serpent,20,0,0,0,0,0,0,0,0,0,0,0,0,0,0,1,0,0,0,0,0,0,0,Crafting,False,None
Shortblade of Valor,20,0,0,0,0,5,0,0,0,0,0,0,0,0,0,0,0,0,0,0,0,0,1,Drop,False,None
Stinger of the Scorpion,20,0,0,0,0,4,0,0,0,0,0,0,0,0,0,1,0,0,0,0,1,0,0,Crafting,False,None
Smokey's Pompous Dagger,30,0,0,0,0,5,0,0,0,0,5,0,0,0,0,1,0,0,0,0,1,0,0,Drop,False,None
Vibrant Dagger,30,0,0,0,0,0,0,0,0,0,0,7,0,0,0,1,0,0,0,0,1,0,0,Drop,False,None
Smallsword of Euphoria,45,0,0,0,0,10,0,0,0,0,0,8,0,0,0,0,0,0,0,1,1,0,1,Drop,False,None
Widow's Engraved Athame,20,0,0,0,0,5,0,0,0,0,0,7,0,0,0,0,0,0,0,1,0,0,1,Gold Vendor,False,None
Whirlwind Dagger,20,0,0,0,0,0,0,0,0,0,0,0,0,0,0,1,0,0,0,0,0,0,0,Drop,False,None
Wolf's Emerald Talon,54,0,0,0,0,0,0,8,0,0,25,25,0,0,0,0,0,0,0,0,2,0,0,Drop,False,None
Watchman's Athame,15,0,0,0,0,5,0,0,0,0,0,0,0,0,0,0,0,0,0,0,0,0,1,Drop,False,None
Widow's Dirk of Fulfillment,25,0,0,0,0,6,0,0,0,0,0,0,0,0,0,1,0,0,0,0,0,0,1,Drop,False,None
Tamauji's Discerning Dagger,35,0,0,0,0,8,0,0,0,0,0,0,0,0,0,0,0,0,0,0,0,0,2,Drop,False,None
Soulwoven Stylet,45,0,0,0,0,9,0,0,0,0,0,0,0,0,0,0,0,0,0,0,2,0,0,Drop,False,None
Usunoki's Logical Athame,35,0,0,0,0,0,0,0,0,0,8,9,0,0,0,0,0,0,0,0,1,0,0,Drop,False,None
Wolf's Spike of Vitality,1,0,0,0,0,0,0,0,0,0,0,0,0,0,0,0,0,0,0,0,0,0,0,Retired,False,None
Wolf's Tanzanite Talon,54,0,0,0,0,14,0,0,0,0,18,12,0,0,0,0,0,0,0,0,1,0,1,Drop,False,None
